Company,Email,Role,SMTP,Status,Letter
CCRIPT,talha@ccript.com,Full-Stack Software Engineer (.NET + React),cache catch-all,sent,"Hi CCRIPT team,

I saw your Karachi Full-Stack Software Engineer role (.NET + React) and wanted to reach out.

I'm Muddasir Rizwan, an early-career software engineer at Codet.ai building a Next.js no-code platform with dynamic databases and drag-and-drop workflow UI.

At Euronet I shipped Java REST APIs for fintech with ISO 8583 payments, JWT RBAC, and PostgreSQL. React/Next.js is my strongest sid"
Contour Software,hr@contour-software.com,Trainee Software Developer (AI Focused),cache catch-all,sent,"Hi Contour Software team,

Your Trainee Software Developer (AI Focused) opening in Karachi matches the junior, AI-focused SWE track you are hiring for.

I am Muddasir Rizwan, a software engineer at Codet.ai and a recent IBA Karachi CS graduate, based in Karachi.

At Codet.ai I built AutoCloudEngineerAgent with LangGraph, Next.js, and Python: it proposes infrastructure, deploys to a Kubernetes cana"
