Company,HR / Recruiter Email,Sample Role,Region,City,SMTP Verification,Letter,Source,Subject
Askari Bank,careers@askaribank.com,Software Engineer,Pakistan,Islamabad,,fullstack,emails_batch50_cover_send_2026-08-29.csv,Software Engineer at Askari Bank
BrightSpyre,careers@brightspyre.com,Software Engineer,Pakistan,Islamabad,,fullstack,emails_batch50_cover_send_2026-08-29.csv,Software Engineer at BrightSpyre
Coderisti / Recur,careers@recur.com,Software Engineer,Pakistan,Lahore,,fullstack,emails_batch50_cover_send_2026-08-29.csv,Software Engineer at Coderisti / Recur
Confiz,careers@confiz.com,Software Engineer,Pakistan,Lahore,,fullstack,emails_batch50_cover_send_2026-08-29.csv,Software Engineer at Confiz
DPL,careers@dpl.com.pk,Software Engineer,Pakistan,Islamabad,,fullstack,emails_batch50_cover_send_2026-08-29.csv,Software Engineer at DPL
Elixir Technologies,careers@elixirtech.com,Software Engineer,Pakistan,Islamabad,,fullstack,emails_batch50_cover_send_2026-08-29.csv,Software Engineer at Elixir Technologies
Empiric,careers@empiric.com,Software Engineer,Pakistan,Lahore,,fullstack,emails_batch50_cover_send_2026-08-29.csv,Software Engineer at Empiric
Engro,careers@engro.com,Software Engineer,Karachi,Karachi,,fullstack,emails_batch50_cover_send_2026-08-29.csv,Software Engineer at Engro
Faysal Bank,careers@faysalbank.com,Software Engineer,Karachi,Karachi,,fullstack,emails_batch50_cover_send_2026-08-29.csv,Software Engineer at Faysal Bank
Folio3 UAE/PK,careers@folio3.ae,Software Engineer,MENA,Dubai / Karachi,,fullstack,emails_target_regions_2026-08-12.csv,Software Engineer at Folio3 UAE/PK
Foodpanda Pakistan,careers@foodpanda.pk,Software Engineer,Karachi,Karachi,,fullstack,emails_batch50_cover_send_2026-08-29.csv,Software Engineer at Foodpanda Pakistan
HBL,careers@hbl.com,Software Engineer,Karachi,Karachi,,fullstack,emails_verified_2026-08-11.csv,Software Engineer at HBL
Ibex,careers@ibex.co,Software Engineer,Karachi,Karachi,,fullstack,emails_batch50_cover_send_2026-08-29.csv,Software Engineer at Ibex
Inbox Business Technologies,careers@inboxbiz.com,Software Engineer,Karachi,Karachi,,fullstack,emails_batch50_cover_send_2026-08-29.csv,Software Engineer at Inbox Business Technologies
Jazz,careers@jazz.com.pk,Software Engineer,Karachi,Karachi,,fullstack,emails_batch50_cover_send_2026-08-29.csv,Software Engineer at Jazz
JazzCash,careers@jazzcash.com.pk,Software Engineer,Pakistan,Islamabad,,fullstack,emails_batch50_cover_send_2026-08-29.csv,Software Engineer at JazzCash
KalSoft,careers@kalsoft.com,Software Engineer,Karachi,Karachi,,fullstack,emails_batch50_cover_send_2026-08-29.csv,Software Engineer at KalSoft
Logicose,jobs@logicose.com,Software Engineer,Pakistan,Lahore,,fullstack,emails_verified_scraped_new_2026-08-14.csv,Software Engineer at Logicose
Meezan Bank,careers@meezanbank.com,Software Engineer,Karachi,Karachi,,fullstack,emails_verified_2026-08-11.csv,Software Engineer at Meezan Bank
Mustakbil,careers@mustakbil.com,Software Engineer,Karachi,Karachi,,fullstack,emails_verified_2026-08-11.csv,Software Engineer at Mustakbil
Nayatel,careers@nayatel.com,Software Engineer,Pakistan,Islamabad,,fullstack,emails_verified_2026-08-11.csv,Software Engineer at Nayatel
Netsol,careers@netsoltech.com,Software Engineer,Pakistan,Lahore,,fullstack,emails_batch50_cover_send_2026-08-29.csv,Software Engineer at Netsol
PakWheels,careers@pakwheels.com,Software Engineer,Karachi,Karachi,,fullstack,emails_batch50_cover_send_2026-08-29.csv,Software Engineer at PakWheels
PTCL,careers@ptcl.com.pk,Software Engineer,Pakistan,Islamabad,,fullstack,emails_batch50_cover_send_2026-08-29.csv,Software Engineer at PTCL
Rozee,careers@rozee.pk,Software Engineer,Karachi,Karachi,,fullstack,emails_batch50_cover_send_2026-08-29.csv,Software Engineer at Rozee
S&P Global Pakistan,careers@spglobal.com,Software Engineer,Pakistan,Islamabad,,fullstack,emails_batch50_cover_send_2026-08-29.csv,Software Engineer at S&P Global Pakistan
Sekel Technologies,careers@sekeltech.com,Software Engineer,Pakistan,Lahore,,fullstack,emails_batch50_cover_send_2026-08-29.csv,Software Engineer at Sekel Technologies
Softech Systems,careers@softechsystems.com,Software Engineer,Karachi,Karachi,,fullstack,emails_batch50_cover_send_2026-08-29.csv,Software Engineer at Softech Systems
StormFiber,careers@stormfiber.com,Software Engineer,Karachi,Karachi,,fullstack,emails_batch50_cover_send_2026-08-29.csv,Software Engineer at StormFiber
Swyft Logistics,careers@swyftlogistics.com,Software Engineer,Karachi,Karachi,,fullstack,emails_batch50_cover_send_2026-08-29.csv,Software Engineer at Swyft Logistics
Symbios,careers@symbios.pk,Software Engineer,Karachi,Karachi,,fullstack,emails_batch50_cover_send_2026-08-29.csv,Software Engineer at Symbios
TCS,careers@tcsexpress.com,Software Engineer,Karachi,Karachi,,fullstack,emails_batch50_cover_send_2026-08-29.csv,Software Engineer at TCS
Telemart,careers@telemart.pk,Software Engineer,Karachi,Karachi,,fullstack,emails_batch50_cover_send_2026-08-29.csv,Software Engineer at Telemart
Telenor Pakistan,careers@telenor.com.pk,Software Engineer,Karachi,Karachi,,fullstack,emails_batch50_cover_send_2026-08-29.csv,Software Engineer at Telenor Pakistan
Tintash,careers@tintash.com,Software Engineer,Karachi,Karachi,,fullstack,emails_batch50_cover_send_2026-08-29.csv,Software Engineer at Tintash
TRG Pakistan,careers@trgpakistan.com,Software Engineer,Karachi,Karachi,,fullstack,emails_batch50_cover_send_2026-08-29.csv,Software Engineer at TRG Pakistan
TRG World,careers@trgworld.com,Software Engineer,Karachi,Karachi,,fullstack,emails_batch50_cover_send_2026-08-29.csv,Software Engineer at TRG World
UBL,careers@ubl.com.pk,Software Engineer,Karachi,Karachi,,fullstack,emails_batch50_cover_send_2026-08-29.csv,Software Engineer at UBL
Ufone,careers@ufone.com,Software Engineer,Pakistan,Islamabad,,fullstack,emails_batch50_cover_send_2026-08-29.csv,Software Engineer at Ufone
Vizteck Solutions,careers@vizteck.com,Software Engineer,Karachi,Karachi,,fullstack,emails_batch50_cover_send_2026-08-29.csv,Software Engineer at Vizteck Solutions
Zigron,careers@zigron.com,Software Engineer,Pakistan,Islamabad,,fullstack,emails_verified_2026-08-11.csv,Software Engineer at Zigron
Zong CMPak,careers@zong.com.pk,Software Engineer,Pakistan,Islamabad,,fullstack,emails_batch50_cover_send_2026-08-29.csv,Software Engineer at Zong CMPak
Able,careers@ableclothing.com,Software Engineer,Remote,,,fullstack,emails_go_now_2026-08-22.csv,Software Engineer at Able
Abwaab,careers@abwaab.com,Software Engineer,Jordan,Amman / remote,,fullstack,emails_target_regions_2026-08-12.csv,Software Engineer at Abwaab
Advance.AI,careers@advance.ai,Software Engineer,Singapore,Singapore / remote,,fullstack,emails_verified_target_regions_2026-08-12.csv,Software Engineer at Advance.AI
Adyen,careers@adyen.com,Software Engineer,Europe,Amsterdam / remote,,fullstack,emails_target_regions_2026-08-12.csv,Software Engineer at Adyen
Agility,careers@agility.com,Software Engineer,Kuwait,Kuwait / remote,,fullstack,emails_target_regions_2026-08-12.csv,Software Engineer at Agility
Aha,careers@aha.io,Software Engineer,Remote,,,fullstack,emails_go_now_2026-08-22.csv,Software Engineer at Aha
Air Apps,careers@airapps.co,Software Engineer,Remote,,,fullstack,emails_go_now_2026-08-22.csv,Software Engineer at Air Apps
AirAsia Digital,careers@airasia.com,Software Engineer,Malaysia,Kuala Lumpur / remote,,fullstack,emails_target_regions_2026-08-12.csv,Software Engineer at AirAsia Digital
Airbyte,careers@airbyte.com,Software Engineer,Remote,Worldwide remote,,fullstack,emails_batch50_cover_send_2026-08-29.csv,Software Engineer at Airbyte
Ajaib,careers@ajaib.co.id,Software Engineer,Remote,Jakarta / remote,,fullstack,emails_batch50_cover_send_2026-08-29.csv,Software Engineer at Ajaib
Algoteque,careers@algoteque.com,Software Engineer,Remote,,,fullstack,emails_go_now_2026-08-22.csv,Software Engineer at Algoteque
Anyscale,careers@anyscale.com,Software Engineer,Remote,Worldwide remote,,fullstack,emails_batch50_cover_send_2026-08-29.csv,Software Engineer at Anyscale
AppSmith,careers@appsmith.com,Software Engineer,Remote,Worldwide remote,,fullstack,emails_batch50_cover_send_2026-08-29.csv,Software Engineer at AppSmith
Appwrite,careers@appwrite.io,Software Engineer,Remote,Worldwide remote,,fullstack,emails_batch50_cover_send_2026-08-29.csv,Software Engineer at Appwrite
Asana,careers@asana.com,Software Engineer,Remote,Worldwide remote,,fullstack,emails_batch50_cover_send_2026-08-29.csv,Software Engineer at Asana
Ashby,careers@ashbyhq.com,Software Engineer,Remote,Worldwide remote,,fullstack,emails_batch50_cover_send_2026-08-29.csv,Software Engineer at Ashby
AssemblyAI,careers@assemblyai.com,Software Engineer,Remote,Worldwide remote,,fullstack,emails_batch50_cover_send_2026-08-29.csv,Software Engineer at AssemblyAI
Azumo,people@azumo.co,Technical Leader - Latin America,Remote,Buenos Aires,,fullstack,emails_verified_2026-08-11.csv,Technical Leader - Latin America at Azumo
Backbase,careers@backbase.com,Software Engineer,Europe,Amsterdam / remote,,fullstack,emails_target_regions_2026-08-12.csv,Software Engineer at Backbase
BambooHR,careers@bamboohr.com,Software Engineer,Remote,Worldwide remote,,fullstack,emails_verified_2026-08-11.csv,Software Engineer at BambooHR
Basecamp,careers@basecamp.com,Software Engineer,Remote,Worldwide remote,,fullstack,emails_verified_2026-08-11.csv,Software Engineer at Basecamp
Bayut,careers@bayut.com,Software Engineer,UAE,Dubai / remote,,fullstack,emails_target_regions_2026-08-12.csv,Software Engineer at Bayut
Beehiiv,careers@beehiiv.com,Software Engineer,Remote,Worldwide remote,,fullstack,emails_2026-08-11.csv,Software Engineer at Beehiiv
Better Stack,careers@betterstack.com,Software Engineer,Remote,,,fullstack,emails_go_now_2026-08-22.csv,Software Engineer at Better Stack
Bird,careers@bird.com,Software Engineer,Europe,Amsterdam / remote,,fullstack,emails_verified_target_regions_2026-08-12.csv,Software Engineer at Bird
Bitdefender,careers@bitdefender.com,Software Engineer,Europe,Bucharest / remote,,fullstack,emails_target_regions_2026-08-12.csv,Software Engineer at Bitdefender
BitOasis,careers@bitoasis.net,Software Engineer,UAE,Dubai / remote,,fullstack,emails_target_regions_2026-08-12.csv,Software Engineer at BitOasis
Bitpanda,careers@bitpanda.com,Software Engineer,Europe,Vienna / remote,,fullstack,emails_target_regions_2026-08-12.csv,Software Engineer at Bitpanda
Bitstamp,careers@bitstamp.net,Software Engineer,Europe,Luxembourg / remote,,fullstack,emails_target_regions_2026-08-12.csv,Software Engineer at Bitstamp
Bitwarden,careers@bitwarden.com,Software Engineer,Remote,Worldwide remote,,fullstack,emails_2026-08-11.csv,Software Engineer at Bitwarden
Bizum,careers@bizum.es,Software Engineer,Europe,Madrid / remote,,fullstack,emails_target_regions_2026-08-12.csv,Software Engineer at Bizum
Black Ore,careers@blackore.ai,Software Engineer,Remote,,,fullstack,emails_go_now_2026-08-22.csv,Software Engineer at Black Ore
Booking.com,careers@booking.com,Software Engineer,Europe,Amsterdam / remote,,fullstack,emails_target_regions_2026-08-12.csv,Software Engineer at Booking.com
