Company,Region,City,HR / Recruiter Email,Email Source,Other Emails,Domain,Careers / Apply URL,Sample Role
Al Jazeera Digital,Qatar,Doha,careers@aljazeera.com,guessed pattern (verify before sending),hr@aljazeera.com,aljazeera.com,https://aljazeera.com/careers,
BeIN Media Group,Qatar,Doha,careers@bein.com,guessed pattern (verify before sending),hr@bein.com,bein.com,https://bein.com/careers,
Commercial Bank Qatar,Qatar,Doha,careers@cbq.qa,guessed pattern (verify before sending),hr@cbq.qa,cbq.qa,https://cbq.qa/careers,
Doha Bank,Qatar,Doha,careers@dohabank.com.qa,company website,"hellodoha@dohabank.com.qa, hr@dohabank.com.qa",dohabank.com.qa,https://dohabank.com.qa/careers,
HBKU / Qatar Foundation IT,Qatar,Doha,careers@hbku.edu.qa,guessed pattern (verify before sending),hr@hbku.edu.qa,hbku.edu.qa,https://hbku.edu.qa/careers,
Malomatia,Qatar,Doha,careers@malomatia.com,company website,"info@malomatia.com, hr@malomatia.com",malomatia.com,https://malomatia.com/careers,
Mannai,Qatar,Doha,careers@mannai.com,company website,"recruitment@mannai.com.qa, hr@mannai.com",mannai.com,https://mannai.com/careers,
Masraf Al Rayan,Qatar,Doha,careers@alrayan.com,company website,"ari.info@alrayan.com, u003eari.info@alrayan.com, ir@alrayan.com, u003eir@alrayan.com, shareholdersaffairs@alrayan.com, u003eshareholdersaffairs@alrayan.com, tony.merhej@alrayan.com, wecare@alrayan.com, u003ewecare@alrayan.com, hr@alrayan.com",alrayan.com,https://alrayan.com/careers,
Meeza,Qatar,Doha,careers@meeza.net,company website,"investors@meeza.net, info@meeza.net, hr@meeza.net",meeza.net,https://meeza.net/careers,
Ooredoo Money,Qatar,Doha,careers@ooredoomoney.com,guessed pattern (verify before sending),hr@ooredoomoney.com,ooredoomoney.com,https://ooredoomoney.com/careers,
QatarEnergy Digital,Qatar,Doha,careers@qatarenergy.qa,guessed pattern (verify before sending),hr@qatarenergy.qa,qatarenergy.qa,https://qatarenergy.qa/careers,
QCRI,Qatar,Doha,careers@qcri.org,guessed pattern (verify before sending),hr@qcri.org,qcri.org,https://qcri.org/careers,
QNB Digital,Qatar,Doha,careers@qnb.com,guessed pattern (verify before sending),hr@qnb.com,qnb.com,https://qnb.com/careers,
Rafeeq,Qatar,Doha / remote,careers@rafeeqapp.com,guessed pattern (verify before sending),hr@rafeeqapp.com,rafeeqapp.com,https://rafeeqapp.com/careers,
Sidra Medicine Digital,Qatar,Doha,careers@sidra.org,company website,"international.services@sidra.org, patientfeedback@sidra.org, hr@sidra.org",sidra.org,https://sidra.org/careers,
Snoonu,Qatar,Doha / remote,careers@snoonu.com,guessed pattern (verify before sending),hr@snoonu.com,snoonu.com,https://snoonu.com/careers,
Vodafone Qatar,Qatar,Doha,careers@vodafone.qa,guessed pattern (verify before sending),hr@vodafone.qa,vodafone.qa,https://vodafone.qa/careers,
Woqod,Qatar,Doha,careers@woqod.com.qa,guessed pattern (verify before sending),hr@woqod.com.qa,woqod.com.qa,https://woqod.com.qa/careers,
Almoayyed Computers,Bahrain,Manama,careers@almoayyed.com,company website,"hr@almoayyed.com, jobs@almoayyed.com, crm@almoayyed.com",almoayyed.com,https://almoayyed.com/careers,
Bahrain FinTech Bay,Bahrain,Manama,careers@bahrainfintechbay.com,guessed pattern (verify before sending),hr@bahrainfintechbay.com,bahrainfintechbay.com,https://bahrainfintechbay.com/careers,
Batelco,Bahrain,Manama,careers@batelco.com,guessed pattern (verify before sending),hr@batelco.com,batelco.com,https://batelco.com/careers,
Benefit,Bahrain,Manama,careers@benefit.bh,guessed pattern (verify before sending),hr@benefit.bh,benefit.bh,https://benefit.bh/careers,
Beyon / Batelco,Bahrain,Manama,careers@beyon.com,guessed pattern (verify before sending),hr@beyon.com,beyon.com,https://beyon.com/careers,
BMMI Group Digital,Bahrain,Manama,careers@bmmi.com,guessed pattern (verify before sending),hr@bmmi.com,bmmi.com,https://bmmi.com/careers,
C5 Accelerate,Bahrain,Manama,careers@c5accelerate.com,guessed pattern (verify before sending),hr@c5accelerate.com,c5accelerate.com,https://c5accelerate.com/careers,
CrediMax,Bahrain,Manama,careers@credimax.com.bh,guessed pattern (verify before sending),hr@credimax.com.bh,credimax.com.bh,https://credimax.com.bh/careers,
Fakhro Electronics,Bahrain,Manama,careers@fakhro.com,company website,"info@fakhro.com, hr@fakhro.com",fakhro.com,https://fakhro.com/careers,
GFH Financial,Bahrain,Manama,careers@gfh.com,guessed pattern (verify before sending),hr@gfh.com,gfh.com,https://gfh.com/careers,
Investcorp,Bahrain,Manama,careers@investcorp.com,company website,"corpcomms@investcorp.com, investorrelations@investcorp.com, reportcyberfraud@investcorp.com, info@investcorp.com, clientcomplaintsofficer@investcorp.com, hr@investcorp.com",investcorp.com,https://investcorp.com/careers,
Ithmaar Bank Digital,Bahrain,Manama,careers@ithmaarbank.com,guessed pattern (verify before sending),hr@ithmaarbank.com,ithmaarbank.com,https://ithmaarbank.com/careers,
Rain Bahrain,Bahrain,Manama,careers@rain.bh,guessed pattern (verify before sending),hr@rain.bh,rain.bh,https://rain.bh/careers,
stc Bahrain,Bahrain,Manama,careers@stc.com.bh,guessed pattern (verify before sending),hr@stc.com.bh,stc.com.bh,https://stc.com.bh/careers,
Tarabut,Bahrain,Manama / remote,careers@tarabut.com,company website,"info@tarabut.com, hr@tarabut.com",tarabut.com,https://tarabut.com/careers,
Tenmou,Bahrain,Manama,careers@tenmou.me,company website,"info@tenmou.me, hr@tenmou.me",tenmou.me,https://tenmou.me/careers,
Agility,Kuwait,Kuwait / remote,careers@agility.com,guessed pattern (verify before sending),hr@agility.com,agility.com,https://agility.com/careers,
Boubyan Digital,Kuwait,Kuwait City,info-boubyan@boubyan.com,company website,,boubyan.com,https://boubyan.com/careers,
Boutiqaat,Kuwait,Kuwait,careers@boutiqaat.com,guessed pattern (verify before sending),hr@boutiqaat.com,boutiqaat.com,https://boutiqaat.com/careers,
Gulf Bank,Kuwait,Kuwait,careers@e-gulfbank.com,guessed pattern (verify before sending),hr@e-gulfbank.com,e-gulfbank.com,https://e-gulfbank.com/careers,
Kuwait Finance House,Kuwait,Kuwait,careers@kfh.com,guessed pattern (verify before sending),hr@kfh.com,kfh.com,https://kfh.com/careers,
MyFatoorah,Kuwait,Kuwait / Bahrain,careers@myfatoorah.com,guessed pattern (verify before sending),hr@myfatoorah.com,myfatoorah.com,https://myfatoorah.com/careers,
NBK Digital,Kuwait,Kuwait,careers@nbk.com,company website,"hr@nbk.com, yourcareer@nbk.com.eg",nbk.com,https://nbk.com/careers,
Ooredoo Kuwait,Kuwait,Kuwait City,careers@ooredoo.com.kw,guessed pattern (verify before sending),hr@ooredoo.com.kw,ooredoo.com.kw,https://ooredoo.com.kw/careers,
stc Kuwait,Kuwait,Kuwait,careers@stc.com.kw,guessed pattern (verify before sending),hr@stc.com.kw,stc.com.kw,https://stc.com.kw/careers,
Tap Payments,Kuwait,Kuwait / remote,careers@tap.company,guessed pattern (verify before sending),hr@tap.company,tap.company,https://tap.company/careers,
Zain,Kuwait,Kuwait / remote,careers@zain.com,guessed pattern (verify before sending),hr@zain.com,zain.com,https://zain.com/careers,
Zain Cash,Kuwait,Kuwait / Iraq,careers@zaincash.iq,guessed pattern (verify before sending),hr@zaincash.iq,zaincash.iq,https://zaincash.iq/careers,
Zain Kuwait Digital,Kuwait,Kuwait City,careers@kw.zain.com,guessed pattern (verify before sending),hr@kw.zain.com,kw.zain.com,https://kw.zain.com/careers,
Awasr,Oman,Muscat,careers@awasr.om,guessed pattern (verify before sending),hr@awasr.om,awasr.om,https://awasr.om/careers,
Bank Muscat Digital,Oman,Muscat,careers@bankmuscat.com,company website,"care@bankmuscat.com, hr@bankmuscat.com",bankmuscat.com,https://bankmuscat.com/careers,
Oman Arab Bank Digital,Oman,Muscat,careers@oman-arabbank.com,company website,"hr@oman-arabbank.com, career@oman-arabbank.com",oman-arabbank.com,https://oman-arabbank.com/careers,
Omantel,Oman,Muscat,careers@omantel.om,company website,"self.service@omantel.om, u003ebusiness@omantel.om, hr@omantel.om",omantel.om,https://omantel.om/careers,
Ooredoo Oman,Oman,Muscat,careers@ooredoo.om,company website,"b2boutbound@ooredoo.om, hr@ooredoo.om",ooredoo.om,https://ooredoo.om/careers,
AIQ,UAE,Abu Dhabi,careers@aiq.com,company website,"hr@aiq.com, partnerships@aiq.com",aiq.com,https://aiq.com/careers,
Alaan,UAE,Dubai / remote,careers@alaan.com,company website,hr@alaan.com,alaan.com,https://alaan.com/careers,
Barakat,UAE,Dubai,careers@barakatfresh.ae,company website,"info@barakatfresh.ae, hr@barakatfresh.ae",barakatfresh.ae,https://barakatfresh.ae/careers,
Bayanat,UAE,Abu Dhabi,careers@bayanat.ai,guessed pattern (verify before sending),hr@bayanat.ai,bayanat.ai,https://bayanat.ai/careers,
Bayut,UAE,Dubai / remote,careers@bayut.com,guessed pattern (verify before sending),hr@bayut.com,bayut.com,https://bayut.com/careers,
Beehive,UAE,Dubai / remote,careers@beehive.ae,company website,"info@beehive.ae, sme@beehive.ae, investors@beehive.ae, hr@beehive.ae",beehive.ae,https://beehive.ae/careers,
BitOasis,UAE,Dubai / remote,careers@bitoasis.net,guessed pattern (verify before sending),hr@bitoasis.net,bitoasis.net,https://bitoasis.net/careers,
Botim,UAE,Dubai / remote,careers@botim.me,company website,"customerservice@botim.me, contact@botim.me, hr@botim.me",botim.me,https://botim.me/careers,
Cafu,UAE,Dubai,careers@cafu.com,guessed pattern (verify before sending),hr@cafu.com,cafu.com,https://cafu.com/careers,
Cars24 Gulf,UAE,Dubai / remote,careers@cars24.com,guessed pattern (verify before sending),hr@cars24.com,cars24.com,https://cars24.com/careers,
Cartlow,UAE,Dubai / remote,careers@cartlow.com,company website,"hello@cartlow.com, hr@cartlow.com",cartlow.com,https://cartlow.com/careers,
Checkout.com,UAE,Dubai / remote,careers@checkout.com,known + company website,"pr@checkout.com, yourpayments@checkout.com, talent.acquisition@checkout.com",checkout.com,https://checkout.com/careers,
Core42,UAE,Abu Dhabi / remote,careers@core42.ai,guessed pattern (verify before sending),hr@core42.ai,core42.ai,https://core42.ai/careers,
Digital14,UAE,Abu Dhabi,careers@digital14.com,guessed pattern (verify before sending),hr@digital14.com,digital14.com,https://digital14.com/careers,
Dubizzle,UAE,Dubai / remote,careers@dubizzle.com,guessed pattern (verify before sending),hr@dubizzle.com,dubizzle.com,https://dubizzle.com/careers,
El Grocer,UAE,Dubai,careers@elgrocer.com,guessed pattern (verify before sending),hr@elgrocer.com,elgrocer.com,https://elgrocer.com/careers,
Emitac,UAE,Dubai,careers@emitac.ae,guessed pattern (verify before sending),hr@emitac.ae,emitac.ae,https://emitac.ae/careers,
G42,UAE,Abu Dhabi / remote,careers@g42.ai,company website,"contact@g42.ai, hr@g42.ai",g42.ai,https://g42.ai/careers,
Intertec Systems,UAE,Dubai,careers@intertec.co,guessed pattern (verify before sending),hr@intertec.co,intertec.co,https://intertec.co/careers,
Jawaker,UAE,Dubai / remote,careers@jawaker.com,guessed pattern (verify before sending),hr@jawaker.com,jawaker.com,https://jawaker.com/careers,
Kibsons,UAE,Dubai,careers@kibsons.com,guessed pattern (verify before sending),hr@kibsons.com,kibsons.com,https://kibsons.com/careers,
Kitopi,UAE,Dubai / remote,careers@kitopi.com,company website,"hr@kitopi.com, info@kitopi.com, nouha@kitopi.com",kitopi.com,https://kitopi.com/careers,
Lean Technologies,UAE,Dubai / remote,careers@leantech.me,guessed pattern (verify before sending),hr@leantech.me,leantech.me,https://leantech.me/careers,
Magnati,UAE,Abu Dhabi,careers@magnati.com,guessed pattern (verify before sending),hr@magnati.com,magnati.com,https://magnati.com/careers,
Magnitt,UAE,Dubai / remote,careers@magnitt.com,company website,"hr@magnitt.com, info@magnitt.com",magnitt.com,https://magnitt.com/careers,
MBC Group / Shahid,UAE,Dubai,careers@mbc.net,company website,"care@mbc.net, contact@mbc.net, investor.relations@mbc.net, hr@mbc.net",mbc.net,https://mbc.net/careers,
Mumzworld,UAE,Dubai,careers@mumzworld.com,guessed pattern (verify before sending),hr@mumzworld.com,mumzworld.com,https://mumzworld.com/careers,
Namshi,UAE,Dubai,careers@namshi.com,guessed pattern (verify before sending),hr@namshi.com,namshi.com,https://namshi.com/careers,
Network International,UAE,Dubai,careers@network.global,guessed pattern (verify before sending),hr@network.global,network.global,https://network.global/careers,
Noon,UAE,Dubai / Riyadh / remote,careers@noon.com,guessed pattern (verify before sending),hr@noon.com,noon.com,https://noon.com/careers,
Now Money,UAE,Dubai / remote,careers@nowmoney.me,company website,"pr@nowmoney.me, hr@nowmoney.me, recruitment@nowmoney.me",nowmoney.me,https://nowmoney.me/careers,
NymCard,UAE,Abu Dhabi / remote,careers@nymcard.com,guessed pattern (verify before sending),hr@nymcard.com,nymcard.com,https://nymcard.com/careers,
PayBy,UAE,Dubai / remote,careers@payby.com,guessed pattern (verify before sending),hr@payby.com,payby.com,https://payby.com/careers,
Postpay,UAE,Dubai / remote,careers@postpay.io,guessed pattern (verify before sending),hr@postpay.io,postpay.io,https://postpay.io/careers,
Presight,UAE,Abu Dhabi / remote,careers@presight.ai,guessed pattern (verify before sending),hr@presight.ai,presight.ai,https://presight.ai/careers,
Property Finder,UAE,Dubai / remote,careers@propertyfinder.ae,guessed pattern (verify before sending),hr@propertyfinder.ae,propertyfinder.ae,https://propertyfinder.ae/careers,
Pure Harvest,UAE,Abu Dhabi,careers@pureharvest.ae,guessed pattern (verify before sending),hr@pureharvest.ae,pureharvest.ae,https://pureharvest.ae/careers,
Pyypl,UAE,Dubai / remote,careers@pyypl.com,guessed pattern (verify before sending),hr@pyypl.com,pyypl.com,https://pyypl.com/careers,
Qashio,UAE,Dubai / remote,careers@qashio.com,company website,hr@qashio.com,qashio.com,https://qashio.com/careers,
RemotePass,UAE,Dubai / remote,careers@remotepass.com,guessed pattern (verify before sending),hr@remotepass.com,remotepass.com,https://remotepass.com/careers,
Shipa,UAE,Dubai,careers@shipa.com,guessed pattern (verify before sending),hr@shipa.com,shipa.com,https://shipa.com/careers,
Silal,UAE,Abu Dhabi / remote,careers@silal.ae,guessed pattern (verify before sending),hr@silal.ae,silal.ae,https://silal.ae/careers,
SmartCrowd,UAE,Dubai,careers@smartcrowd.ae,guessed pattern (verify before sending),hr@smartcrowd.ae,smartcrowd.ae,https://smartcrowd.ae/careers,
Spotii,UAE,Dubai / remote,careers@spotii.com,guessed pattern (verify before sending),hr@spotii.com,spotii.com,https://spotii.com/careers,
Starzplay,UAE,Dubai / remote,careers@starzplay.com,guessed pattern (verify before sending),hr@starzplay.com,starzplay.com,https://starzplay.com/careers,
Tabby,UAE,Dubai / remote,careers@tabby.ai,guessed pattern (verify before sending),hr@tabby.ai,tabby.ai,https://tabby.ai/careers,
Tajawal,UAE,Dubai / remote,careers@tajawal.com,guessed pattern (verify before sending),hr@tajawal.com,tajawal.com,https://tajawal.com/careers,
Telr,UAE,Dubai / remote,careers@telr.com,company website,"partner@telr.com, hr@telr.com",telr.com,https://telr.com/careers,
Trukker,UAE,Dubai / remote,careers@trukker.com,company website,"hr@trukker.com, career@trukker.com",trukker.com,https://trukker.com/careers,
Wahed,UAE,Dubai / remote,careers@wahed.com,guessed pattern (verify before sending),hr@wahed.com,wahed.com,https://wahed.com/careers,
YAP,UAE,Dubai / remote,careers@yap.com,guessed pattern (verify before sending),hr@yap.com,yap.com,https://yap.com/careers,
Yellow Door Energy,UAE,Dubai,careers@yellowdoorenergy.com,guessed pattern (verify before sending),hr@yellowdoorenergy.com,yellowdoorenergy.com,https://yellowdoorenergy.com/careers,
Almosafer,KSA,Riyadh / remote,careers@almosafer.com,company website,"hr@almosafer.com, u003ecareers@almosafer.com",almosafer.com,https://almosafer.com/careers,
Elm,KSA,Riyadh / remote,careers@elm.sa,guessed pattern (verify before sending),hr@elm.sa,elm.sa,https://elm.sa/careers,
Flynas Digital,KSA,Riyadh,careers@flynas.com,guessed pattern (verify before sending),hr@flynas.com,flynas.com,https://flynas.com/careers,
Foodics,KSA,Riyadh / remote,careers@foodics.com,company website,"info@foodics.com, hr@foodics.com",foodics.com,https://foodics.com/careers,
Geidea,KSA,Riyadh / remote,careers@geidea.net,guessed pattern (verify before sending),hr@geidea.net,geidea.net,https://geidea.net/careers,
Hala,KSA,Riyadh / remote,careers@halacards.com,company website,"hr@halacards.com, salam@halacards.com",halacards.com,https://halacards.com/careers,
HungerStation,KSA,Riyadh / remote,careers@hungerstation.com,guessed pattern (verify before sending),hr@hungerstation.com,hungerstation.com,https://hungerstation.com/careers,
HyperPay,KSA,Riyadh / remote,careers@hyperpay.com,guessed pattern (verify before sending),hr@hyperpay.com,hyperpay.com,https://hyperpay.com/careers,
Jahez,KSA,Riyadh / remote,careers@jahez.net,guessed pattern (verify before sending),hr@jahez.net,jahez.net,https://jahez.net/careers,
Lucidya,KSA,Riyadh / remote,careers@lucidya.com,company website,"adedic@lucidya.com, ai-report@lucidya.com, hr@lucidya.com",lucidya.com,https://lucidya.com/careers,
Mobily,KSA,Riyadh,careers@mobily.com.sa,guessed pattern (verify before sending),hr@mobily.com.sa,mobily.com.sa,https://mobily.com.sa/careers,
Mostaql,KSA,Riyadh / remote,careers@mostaql.com,guessed pattern (verify before sending),hr@mostaql.com,mostaql.com,https://mostaql.com/careers,
Moyasar,KSA,Riyadh / remote,careers@moyasar.com,guessed pattern (verify before sending),hr@moyasar.com,moyasar.com,https://moyasar.com/careers,
Mrsool,KSA,Riyadh / remote,careers@mrsool.co,guessed pattern (verify before sending),hr@mrsool.co,mrsool.co,https://mrsool.co/careers,
Nana,KSA,Riyadh / remote,careers@nana.sa,company website,hr@nana.sa,nana.sa,https://nana.sa/careers,
Nearpay,KSA,Riyadh / remote,careers@nearpay.io,guessed pattern (verify before sending),hr@nearpay.io,nearpay.io,https://nearpay.io/careers,
NEOM,KSA,NEOM / remote,careers@neom.com,guessed pattern (verify before sending),hr@neom.com,neom.com,https://neom.com/careers,
Ninja KSA,KSA,Riyadh,careers@ninja.sa,guessed pattern (verify before sending),hr@ninja.sa,ninja.sa,https://ninja.sa/careers,
PayTabs,KSA,Riyadh / remote,careers@paytabs.com,guessed pattern (verify before sending),hr@paytabs.com,paytabs.com,https://paytabs.com/careers,
Qiddiya,KSA,Riyadh,careers@qiddiya.com,guessed pattern (verify before sending),hr@qiddiya.com,qiddiya.com,https://qiddiya.com/careers,
QnE,KSA,Riyadh,careers@qne.com.sa,company website,"info@qne.com.sa, hr@qne.com.sa",qne.com.sa,https://qne.com.sa/careers,
Rasan,KSA,Riyadh / remote,careers@rasan.co,guessed pattern (verify before sending),hr@rasan.co,rasan.co,https://rasan.co/careers,
Red Sea Global,KSA,Jeddah / remote,careers@redseaglobal.com,guessed pattern (verify before sending),hr@redseaglobal.com,redseaglobal.com,https://redseaglobal.com/careers,
Sary,KSA,Riyadh / remote,careers@sary.com,guessed pattern (verify before sending),hr@sary.com,sary.com,https://sary.com/careers,
Saudi Aramco Digital,KSA,Dhahran,careers@aramco.com,guessed pattern (verify before sending),hr@aramco.com,aramco.com,https://aramco.com/careers,
Saudi Payments / mada,KSA,Riyadh,careers@saudipayments.com,guessed pattern (verify before sending),hr@saudipayments.com,saudipayments.com,https://saudipayments.com/careers,
SDAIA,KSA,Riyadh,careers@sdaia.gov.sa,guessed pattern (verify before sending),hr@sdaia.gov.sa,sdaia.gov.sa,https://sdaia.gov.sa/careers,
Seera,KSA,Riyadh,careers@seera.sa,company website,"investors@seera.sa, hr@seera.sa",seera.sa,https://seera.sa/careers,
Solutions by stc,KSA,Riyadh,careers@solutions.com.sa,guessed pattern (verify before sending),hr@solutions.com.sa,solutions.com.sa,https://solutions.com.sa/careers,
Soum,KSA,Riyadh / remote,careers@soum.sa,guessed pattern (verify before sending),hr@soum.sa,soum.sa,https://soum.sa/careers,
STC Bank,KSA,Riyadh / remote,careers@stcbank.com.sa,guessed pattern (verify before sending),hr@stcbank.com.sa,stcbank.com.sa,https://stcbank.com.sa/careers,
stc pay,KSA,Riyadh,careers@stcpay.com.sa,guessed pattern (verify before sending),hr@stcpay.com.sa,stcpay.com.sa,https://stcpay.com.sa/careers,
Syarah,KSA,Riyadh / remote,careers@syarah.com,guessed pattern (verify before sending),hr@syarah.com,syarah.com,https://syarah.com/careers,
Tamkeen Technologies,KSA,Riyadh,careers@tamkeentech.sa,company website,"info@tamkeentech.sa, hr@tamkeentech.sa",tamkeentech.sa,https://tamkeentech.sa/careers,
The Chefz,KSA,Riyadh,careers@thechefz.co,guessed pattern (verify before sending),hr@thechefz.co,thechefz.co,https://thechefz.co/careers,
ToYou,KSA,Riyadh,careers@toyou.io,guessed pattern (verify before sending),hr@toyou.io,toyou.io,https://toyou.io/careers,
Unifonic,KSA,Riyadh / remote,careers@unifonic.com,guessed pattern (verify before sending),hr@unifonic.com,unifonic.com,https://unifonic.com/careers,
Zain KSA,KSA,Riyadh,careers@sa.zain.com,guessed pattern (verify before sending),hr@sa.zain.com,sa.zain.com,https://sa.zain.com/careers,
Bosta,Egypt,Cairo / remote,careers@bosta.co,guessed pattern (verify before sending),hr@bosta.co,bosta.co,https://bosta.co/careers,
Breadfast,Egypt,Cairo / remote,careers@breadfast.com,company website,"inquiries@breadfast.com, hr@breadfast.com",breadfast.com,https://breadfast.com/careers,
Cequens,Egypt,Cairo / remote,careers@cequens.com,company website,"hello@cequens.com, hr@cequens.com",cequens.com,https://cequens.com/careers,
DSquares,Egypt,Cairo / remote,careers@dsquares.com,guessed pattern (verify before sending),hr@dsquares.com,dsquares.com,https://dsquares.com/careers,
Elmenus,Egypt,Cairo,careers@elmenus.com,company website,"guest@elmenus.com, hr@elmenus.com",elmenus.com,https://elmenus.com/careers,
Flat6Labs,Egypt,Cairo / remote,careers@flat6labs.com,company website,hr@flat6labs.com,flat6labs.com,https://flat6labs.com/careers,
Giza Systems,Egypt,Cairo,careers@gizasystems.com,guessed pattern (verify before sending),hr@gizasystems.com,gizasystems.com,https://gizasystems.com/careers,
Halan / MNT-Halan,Egypt,Cairo,careers@halan.com,company website,"info@halan.com, hr@halan.com",halan.com,https://halan.com/careers,
Incorta,Egypt,Cairo / remote,careers@incorta.com,company website,"info@incorta.com, hr@incorta.com",incorta.com,https://incorta.com/careers,
Instant,Egypt,Cairo,careers@instant.com,guessed pattern (verify before sending),hr@instant.com,instant.com,https://instant.com/careers,
ITWorx,Egypt,Cairo / remote,careers@itworx.com,guessed pattern (verify before sending),hr@itworx.com,itworx.com,https://itworx.com/careers,
Khazna,Egypt,Cairo / remote,careers@khazna.app,guessed pattern (verify before sending),hr@khazna.app,khazna.app,https://khazna.app/careers,
Link Development,Egypt,Cairo / remote,careers@linkdev.com,guessed pattern (verify before sending),hr@linkdev.com,linkdev.com,https://linkdev.com/careers,
Money Fellows,Egypt,Cairo / remote,careers@moneyfellows.com,guessed pattern (verify before sending),hr@moneyfellows.com,moneyfellows.com,https://moneyfellows.com/careers,
Paymob Accept,Egypt,Cairo / remote,careers@accept.paymob.com,guessed pattern (verify before sending),hr@accept.paymob.com,accept.paymob.com,https://accept.paymob.com/careers,
Rabbit Mart,Egypt,Cairo,careers@rabbitmart.com,guessed pattern (verify before sending),hr@rabbitmart.com,rabbitmart.com,https://rabbitmart.com/careers,
Raya,Egypt,Cairo,careers@rayacorp.com,company website,"info@rayacorp.com, fmcg@rayacorp.com, rayait_info@rayacorp.com, hr@rayacorp.com",rayacorp.com,https://rayacorp.com/careers,
Synapse Analytics,Egypt,Cairo / remote,careers@synapse-analytics.io,guessed pattern (verify before sending),hr@synapse-analytics.io,synapse-analytics.io,https://synapse-analytics.io/careers,
Telda,Egypt,Cairo / remote,careers@telda.app,guessed pattern (verify before sending),hr@telda.app,telda.app,https://telda.app/careers,
Trella,Egypt,Cairo / remote,careers@trella.app,guessed pattern (verify before sending),hr@trella.app,trella.app,https://trella.app/careers,
Valeo Egypt,Egypt,Cairo / remote,careers@valeo.com,guessed pattern (verify before sending),hr@valeo.com,valeo.com,https://valeo.com/careers,
Valify,Egypt,Cairo / remote,careers@valify.me,company website,"info@valify.me, hr@valify.me",valify.me,https://valify.me/careers,
Vodafone Egypt,Egypt,Cairo,careers@vodafone.com.eg,guessed pattern (verify before sending),hr@vodafone.com.eg,vodafone.com.eg,https://vodafone.com.eg/careers,
Abwaab,Jordan,Amman / remote,careers@abwaab.com,guessed pattern (verify before sending),hr@abwaab.com,abwaab.com,https://abwaab.com/careers,
ArabiaWeather,Jordan,Amman,careers@arabiaweather.com,company website,"helpdesk@arabiaweather.com, advertising@arabiaweather.com, stations@arabiaweather.com, hr@arabiaweather.com",arabiaweather.com,https://arabiaweather.com/careers,
Estarta,Jordan,Amman,careers@estarta.com,company website,"info@estarta.com, hr@estarta.com",estarta.com,https://estarta.com/careers,
MadfooatCom,Jordan,Amman / remote,careers@madfooat.com,guessed pattern (verify before sending),hr@madfooat.com,madfooat.com,https://madfooat.com/careers,
Mawdoo3,Jordan,Amman / remote,careers@mawdoo3.com,guessed pattern (verify before sending),hr@mawdoo3.com,mawdoo3.com,https://mawdoo3.com/careers,
OpenSooq,Jordan,Amman / remote,careers@opensooq.com,guessed pattern (verify before sending),hr@opensooq.com,opensooq.com,https://opensooq.com/careers,
ProgressSoft,Jordan,Amman / remote,careers@progressoft.com,company website,"hr@progressoft.com, info@progressoft.com",progressoft.com,https://progressoft.com/careers,
ZenHR,Jordan,Amman / remote,careers@zenhr.com,guessed pattern (verify before sending),hr@zenhr.com,zenhr.com,https://zenhr.com/careers,
Murex,Lebanon,Beirut / remote,careers@murex.com,company website,"website@murex.com, hr@murex.com",murex.com,https://murex.com/careers,
Anghami,MENA,Beirut / Dubai,careers@anghami.com,guessed pattern (verify before sending),hr@anghami.com,anghami.com,https://anghami.com/careers,
AppsFlyer,MENA,Tel Aviv / remote,careers@appsflyer.com,company website,"agency@appsflyer.com, globalops@appsflyer.com, partners@appsflyer.com, liron.or@appsflyer.com, hr@appsflyer.com",appsflyer.com,https://appsflyer.com/careers,
Bayzat,MENA,Dubai,careers@bayzat.com,company website,"recruitment@bayzat.com, hr@bayzat.com",bayzat.com,https://bayzat.com/careers,
Delivery Hero,MENA,Dubai / Berlin,careers@deliveryhero.com,known company contact,,deliveryhero.com,https://deliveryhero.com/careers,
e& / Etisalat,MENA,Abu Dhabi,careers@eand.com,guessed pattern (verify before sending),hr@eand.com,eand.com,https://eand.com/careers,
Emirates Group IT,MENA,Dubai,careers@emirates.com,company website,"pr@emirates.com, buerrek2@emirates.com, saorrek@emirates.com, hr@emirates.com",emirates.com,https://emirates.com/careers,
Fawry,MENA,Cairo,careers@fawry.com,guessed pattern (verify before sending),hr@fawry.com,fawry.com,https://fawry.com/careers,
Fiverr,MENA,Tel Aviv / remote,careers@fiverr.com,guessed pattern (verify before sending),hr@fiverr.com,fiverr.com,https://fiverr.com/careers,
Folio3 UAE/PK,MENA,Dubai / Karachi,careers@folio3.ae,guessed pattern (verify before sending),hr@folio3.ae,folio3.ae,https://folio3.ae/careers,
Fresha,MENA,Dubai / remote,careers@fresha.com,company website,"hr@fresha.com, jobs@fresha.com",fresha.com,https://fresha.com/careers,
Huspy,MENA,Dubai,careers@huspy.com,company website,"hr@huspy.com, hi@huspy.com",huspy.com,https://huspy.com/careers,
Instabug,MENA,Cairo / remote,careers@instabug.com,guessed pattern (verify before sending),hr@instabug.com,instabug.com,https://instabug.com/careers,
Jahez,MENA,Riyadh,careers@jahezgroup.com,guessed pattern (verify before sending),hr@jahezgroup.com,jahezgroup.com,https://jahezgroup.com/careers,
Lightricks,MENA,Jerusalem / remote,careers@lightricks.com,guessed pattern (verify before sending),hr@lightricks.com,lightricks.com,https://lightricks.com/careers,
MaxAB,MENA,Cairo,careers@maxab.io,company website,"hr@maxab.io, info@maxab.io",maxab.io,https://maxab.io/careers,
Melio,MENA,Tel Aviv / remote,careers@meliopayments.com,guessed pattern (verify before sending),hr@meliopayments.com,meliopayments.com,https://meliopayments.com/careers,
Monday.com,MENA,Tel Aviv / remote,careers@monday.com,company website,"hr@monday.com, accessibility@monday.com",monday.com,https://monday.com/careers,
Ooredoo,MENA,Doha,careers@ooredoo.com,guessed pattern (verify before sending),hr@ooredoo.com,ooredoo.com,https://ooredoo.com/careers,
Paymob,MENA,Cairo,careers@paymob.com,guessed pattern (verify before sending),hr@paymob.com,paymob.com,https://paymob.com/careers,
Qatar Airways IT,MENA,Doha,careers@qatarairways.com,guessed pattern (verify before sending),hr@qatarairways.com,qatarairways.com,https://qatarairways.com/careers,
Qlub,MENA,Dubai,careers@qlub.io,company website,"info-xx@qlub.io, info@qlub.io, info-sa@qlub.io, info-kw@qlub.io, info-qa@qlub.io, info-au@qlub.io, info-sg@qlub.io, info-my@qlub.io, info-hk@qlub.io, info-kr@qlub.io, info-br@qlub.io, info-us@qlub.io, info.bh@qlub.io, info.eg@qlub.io, info.jo@qlub.io, hr@qlub.io",qlub.io,https://qlub.io/careers,
Riskified,MENA,Tel Aviv / remote,careers@riskified.com,guessed pattern (verify before sending),hr@riskified.com,riskified.com,https://riskified.com/careers,
Salla,MENA,Riyadh,careers@salla.sa,guessed pattern (verify before sending),hr@salla.sa,salla.sa,https://salla.sa/careers,
Sarwa,MENA,Dubai,careers@sarwa.co,guessed pattern (verify before sending),hr@sarwa.co,sarwa.co,https://sarwa.co/careers,
Similarweb,MENA,Tel Aviv / remote,careers@similarweb.com,guessed pattern (verify before sending),hr@similarweb.com,similarweb.com,https://similarweb.com/careers,
STC,MENA,Riyadh,careers@stc.com.sa,guessed pattern (verify before sending),hr@stc.com.sa,stc.com.sa,https://stc.com.sa/careers,
Swvl,MENA,Cairo / Dubai,careers@swvl.com,guessed pattern (verify before sending),hr@swvl.com,swvl.com,https://swvl.com/careers,
Talabat,MENA,Dubai,careers@talabat.com,guessed pattern (verify before sending),hr@talabat.com,talabat.com,https://talabat.com/careers,
Tamara,MENA,Riyadh,careers@tamara.co,guessed pattern (verify before sending),hr@tamara.co,tamara.co,https://tamara.co/careers,
Tipalti,MENA,Tel Aviv / remote,careers@tipalti.com,company website,"contact@tipalti.com, hr@tipalti.com",tipalti.com,https://tipalti.com/careers,
Vezeeta,MENA,Cairo,careers@vezeeta.com,guessed pattern (verify before sending),hr@vezeeta.com,vezeeta.com,https://vezeeta.com/careers,
Wio Bank,MENA,Abu Dhabi,careers@wio.io,guessed pattern (verify before sending),hr@wio.io,wio.io,https://wio.io/careers,
Wix,MENA,Tel Aviv / remote,careers@wix.com,guessed pattern (verify before sending),hr@wix.com,wix.com,https://wix.com/careers,
Zid,MENA,Riyadh,careers@zid.sa,guessed pattern (verify before sending),hr@zid.sa,zid.sa,https://zid.sa/careers,
Advance.AI,Singapore,Singapore / remote,careers@advance.ai,company website,"help@advance.ai, hr@advance.ai",advance.ai,https://advance.ai/careers,
Aspire,Singapore,Singapore / remote,careers@aspireapp.com,company website,"singapore-dpo@aspireapp.com, hr@aspireapp.com",aspireapp.com,https://aspireapp.com/careers,
Carousell,Singapore,Singapore / remote,careers@carousell.com,guessed pattern (verify before sending),hr@carousell.com,carousell.com,https://carousell.com/careers,
Carro,Singapore,Singapore,careers@carro.co,guessed pattern (verify before sending),hr@carro.co,carro.co,https://carro.co/careers,
Circles.Life,Singapore,Singapore / remote,careers@circles.life,guessed pattern (verify before sending),hr@circles.life,circles.life,https://circles.life/careers,
Coda Payments,Singapore,Singapore,careers@codapayments.com,guessed pattern (verify before sending),hr@codapayments.com,codapayments.com,https://codapayments.com/careers,
Endowus,Singapore,Singapore,careers@endowus.com,guessed pattern (verify before sending),hr@endowus.com,endowus.com,https://endowus.com/careers,
Fazz,Singapore,Singapore / remote,careers@fazz.com,guessed pattern (verify before sending),hr@fazz.com,fazz.com,https://fazz.com/careers,
FinAccel,Singapore,Singapore / remote,careers@finaccel.com,guessed pattern (verify before sending),hr@finaccel.com,finaccel.com,https://finaccel.com/careers,
Foodpanda APAC,Singapore,Singapore / remote,careers@foodpanda.com,guessed pattern (verify before sending),hr@foodpanda.com,foodpanda.com,https://foodpanda.com/careers,
Funding Societies,Singapore,Singapore / remote,careers@fundingsocieties.com,guessed pattern (verify before sending),hr@fundingsocieties.com,fundingsocieties.com,https://fundingsocieties.com/careers,
Glints,Singapore,Singapore / remote,careers@glints.com,guessed pattern (verify before sending),hr@glints.com,glints.com,https://glints.com/careers,
Grab,Singapore,Singapore / remote,careers@grab.com,guessed pattern (verify before sending),hr@grab.com,grab.com,https://grab.com/careers,
Hubble.sg,Singapore,Singapore / remote,careers@hubble.sg,guessed pattern (verify before sending),hr@hubble.sg,hubble.sg,https://hubble.sg/careers,
Lazada,Singapore,Singapore / remote,careers@lazada.com,company website,"lazada-tech-infra@lazada.com, hr@lazada.com",lazada.com,https://lazada.com/careers,
MatchMove,Singapore,Singapore / remote,careers@matchmove.com,guessed pattern (verify before sending),hr@matchmove.com,matchmove.com,https://matchmove.com/careers,
Ninja Van,Singapore,Singapore / remote,careers@ninjavan.co,company website,"shippercare_sg@ninjavan.co, sg-coe-comms@ninjavan.co, hr@ninjavan.co",ninjavan.co,https://ninjavan.co/careers,
Nium,Singapore,Singapore / remote,careers@nium.com,company website,"ir@nium.com, hr@nium.com",nium.com,https://nium.com/careers,
Oddle,Singapore,Singapore / remote,careers@oddle.me,guessed pattern (verify before sending),hr@oddle.me,oddle.me,https://oddle.me/careers,
Paktor,Singapore,Singapore,careers@paktor.com,guessed pattern (verify before sending),hr@paktor.com,paktor.com,https://paktor.com/careers,
PatSnap,Singapore,Singapore,careers@patsnap.com,guessed pattern (verify before sending),hr@patsnap.com,patsnap.com,https://patsnap.com/careers,
PropertyGuru,Singapore,Singapore / remote,careers@propertyguru.com,guessed pattern (verify before sending),hr@propertyguru.com,propertyguru.com,https://propertyguru.com/careers,
Razer,Singapore,Singapore / remote,razerstore.lv@razer.com,company website,"razerstore.sf@razer.com, razerstore.sea@razer.com, razerstore.atx@razer.com, test_razerstore@razer.com, razerstore.pnj@razer.com, razerstore.sd@razer.com, razerstore.la@razer.com, razerstore.miami@razer.com, razerstore.kop@razer.com, razerstore.ny@razer.com, razerstore.orlando@razer.com, razerstore.sj@razer.com",razer.com,https://razer.com/careers,
Sea Group,Singapore,Singapore,careers@sea.com,company website,"ir@sea.com, partnership@sea.com, hr@sea.com",sea.com,https://sea.com/careers,
Secretlab,Singapore,Singapore / remote,u003e@secretlab.co,company website,,secretlab.co,https://secretlab.co/careers,
ShopBack,Singapore,Singapore / remote,careers@shopback.com,guessed pattern (verify before sending),hr@shopback.com,shopback.com,https://shopback.com/careers,
Shopee,Singapore,Singapore / remote,careers@shopee.com,guessed pattern (verify before sending),hr@shopee.com,shopee.com,https://shopee.com/careers,
Sleek,Singapore,Singapore / remote,careers@sleek.com,guessed pattern (verify before sending),hr@sleek.com,sleek.com,https://sleek.com/careers,
StraitsX,Singapore,Singapore / remote,careers@straitsx.com,guessed pattern (verify before sending),hr@straitsx.com,straitsx.com,https://straitsx.com/careers,
Tech in Asia,Singapore,Singapore / remote,careers@techinasia.com,guessed pattern (verify before sending),hr@techinasia.com,techinasia.com,https://techinasia.com/careers,
Validus,Singapore,Singapore / remote,careers@validus.sg,guessed pattern (verify before sending),hr@validus.sg,validus.sg,https://validus.sg/careers,
Zalora,Singapore,Singapore / remote,careers@zalora.com,guessed pattern (verify before sending),hr@zalora.com,zalora.com,https://zalora.com/careers,
AirAsia Digital,Malaysia,Kuala Lumpur / remote,careers@airasia.com,guessed pattern (verify before sending),hr@airasia.com,airasia.com,https://airasia.com/careers,
BigPay,Malaysia,Kuala Lumpur / remote,careers@bigpayme.com,company website,hr@bigpayme.com,bigpayme.com,https://bigpayme.com/careers,
Boost,Malaysia,Kuala Lumpur,careers@myboost.com.my,guessed pattern (verify before sending),hr@myboost.com.my,myboost.com.my,https://myboost.com.my/careers,
Carsome,Malaysia,Kuala Lumpur / remote,careers@carsome.my,guessed pattern (verify before sending),hr@carsome.my,carsome.my,https://carsome.my/careers,
EasyStore,Malaysia,Kuala Lumpur / remote,careers@easystore.co,guessed pattern (verify before sending),hr@easystore.co,easystore.co,https://easystore.co/careers,
Fave,Malaysia,Kuala Lumpur / remote,careers@myfave.com,guessed pattern (verify before sending),hr@myfave.com,myfave.com,https://myfave.com/careers,
GXBank,Malaysia,Kuala Lumpur,careers@gxbank.my,guessed pattern (verify before sending),hr@gxbank.my,gxbank.my,https://gxbank.my/careers,
iPay88,Malaysia,Kuala Lumpur,careers@ipay88.com,guessed pattern (verify before sending),hr@ipay88.com,ipay88.com,https://ipay88.com/careers,
iPrice Group,Malaysia,Kuala Lumpur / remote,careers@ipricegroup.com,guessed pattern (verify before sending),hr@ipricegroup.com,ipricegroup.com,https://ipricegroup.com/careers,
JobStreet / SEEK Asia,Malaysia,Kuala Lumpur / remote,careers@jobstreet.com,guessed pattern (verify before sending),hr@jobstreet.com,jobstreet.com,https://jobstreet.com/careers,
Lazada MY,Malaysia,Kuala Lumpur / remote,careers@lazada.com.my,guessed pattern (verify before sending),hr@lazada.com.my,lazada.com.my,https://lazada.com.my/careers,
MoneyLion Malaysia,Malaysia,Kuala Lumpur / remote,careers@moneylion.com,company website,"customercare@moneylion.com, -customercare@moneylion.com, hr@moneylion.com",moneylion.com,https://moneylion.com/careers,
Mudah,Malaysia,Kuala Lumpur,careers@mudah.my,guessed pattern (verify before sending),hr@mudah.my,mudah.my,https://mudah.my/careers,
PitchIN,Malaysia,Kuala Lumpur,careers@pitchin.my,guessed pattern (verify before sending),hr@pitchin.my,pitchin.my,https://pitchin.my/careers,
PolicyStreet,Malaysia,Kuala Lumpur / remote,careers@policystreet.com,guessed pattern (verify before sending),hr@policystreet.com,policystreet.com,https://policystreet.com/careers,
Shopee MY,Malaysia,Kuala Lumpur / remote,careers@shopee.com.my,guessed pattern (verify before sending),hr@shopee.com.my,shopee.com.my,https://shopee.com.my/careers,
StoreHub,Malaysia,Kuala Lumpur / remote,careers@storehub.com,guessed pattern (verify before sending),hr@storehub.com,storehub.com,https://storehub.com/careers,
Teleport,Malaysia,Kuala Lumpur / remote,careers@teleport.asia,guessed pattern (verify before sending),hr@teleport.asia,teleport.asia,https://teleport.asia/careers,
Touch 'n Go Digital,Malaysia,Kuala Lumpur,careers@tngdigital.com.my,guessed pattern (verify before sending),hr@tngdigital.com.my,tngdigital.com.my,https://tngdigital.com.my/careers,
Adevinta,Europe,Barcelona / remote,careers@adevinta.com,company website,"contact@adevinta.com, hr@adevinta.com",adevinta.com,https://adevinta.com/careers,
Adyen,Europe,Amsterdam / remote,careers@adyen.com,guessed pattern (verify before sending),hr@adyen.com,adyen.com,https://adyen.com/careers,
Aircall,Europe,Paris / remote,careers@aircall.io,company website,hr@aircall.io,aircall.io,https://aircall.io/careers,
Aiven,Europe,Helsinki / remote,careers@aiven.io,company website,"hr@aiven.io, recruitment@aiven.io",aiven.io,https://aiven.io/careers,
Ajax Systems,Europe,Kyiv / remote,careers@ajax.systems,company website,hr@ajax.systems,ajax.systems,https://ajax.systems/careers,
Alan,Europe,Paris / remote,careers@alan.com,company website,"hr@alan.com, contact@alan.com",alan.com,https://alan.com/careers,
Aleph Alpha,Europe,Heidelberg / remote,careers@aleph-alpha.com,guessed pattern (verify before sending),hr@aleph-alpha.com,aleph-alpha.com,https://aleph-alpha.com/careers,
Algolia,Europe,Paris / remote,careers@algolia.com,company website,"partners@algolia.com, billing@algolia.com, hr@algolia.com",algolia.com,https://algolia.com/careers,
Attio,Europe,London / remote,careers@attio.com,guessed pattern (verify before sending),hr@attio.com,attio.com,https://attio.com/careers,
AUTO1,Europe,Berlin / remote,careers@auto1-group.com,company website,"info@auto1-group.com, hr@auto1-group.com, ir@auto1-group.com, hr-be@auto1.com, hr-see@auto1.com, hr-dk@auto1.com, talentacquisition_hq@auto1.com, recruitment-nl@auto1.com",auto1-group.com,https://auto1-group.com/careers,
Back Market,Europe,Paris / remote,careers@backmarket.com,guessed pattern (verify before sending),hr@backmarket.com,backmarket.com,https://backmarket.com/careers,
Backbase,Europe,Amsterdam / remote,careers@backbase.com,guessed pattern (verify before sending),hr@backbase.com,backbase.com,https://backbase.com/careers,
Badi,Europe,Barcelona / remote,careers@badi.com,guessed pattern (verify before sending),hr@badi.com,badi.com,https://badi.com/careers,
Bending Spoons,Europe,Milan / remote,careers@bendingspoons.com,guessed pattern (verify before sending),hr@bendingspoons.com,bendingspoons.com,https://bendingspoons.com/careers,
Bird,Europe,Amsterdam / remote,careers@bird.com,company website,hr@bird.com,bird.com,https://bird.com/careers,
Bitdefender,Europe,Bucharest / remote,careers@bitdefender.com,guessed pattern (verify before sending),hr@bitdefender.com,bitdefender.com,https://bitdefender.com/careers,
Bitpanda,Europe,Vienna / remote,careers@bitpanda.com,guessed pattern (verify before sending),hr@bitpanda.com,bitpanda.com,https://bitpanda.com/careers,
Bitstamp,Europe,Luxembourg / remote,careers@bitstamp.net,guessed pattern (verify before sending),hr@bitstamp.net,bitstamp.net,https://bitstamp.net/careers,
Bizum,Europe,Madrid / remote,careers@bizum.es,guessed pattern (verify before sending),hr@bizum.es,bizum.es,https://bizum.es/careers,
BlaBlaCar,Europe,Paris / remote,careers@blablacar.com,guessed pattern (verify before sending),hr@blablacar.com,blablacar.com,https://blablacar.com/careers,
Bol.com,Europe,Utrecht / remote,careers@bol.com,guessed pattern (verify before sending),hr@bol.com,bol.com,https://bol.com/careers,
Bolt,Europe,Tallinn / remote,careers@bolt.eu,guessed pattern (verify before sending),hr@bolt.eu,bolt.eu,https://bolt.eu/careers,
Booking.com,Europe,Amsterdam / remote,careers@booking.com,guessed pattern (verify before sending),hr@booking.com,booking.com,https://booking.com/careers,
Bunny.net,Europe,Slovenia / remote,careers@bunny.net,company website,"hello@bunny.net, hr@bunny.net",bunny.net,https://bunny.net/careers,
Bunq,Europe,Amsterdam / remote,careers@bunq.com,company website,hr@bunq.com,bunq.com,https://bunq.com/careers,
Buzzoole,Europe,Naples / remote,careers@buzzoole.com,guessed pattern (verify before sending),hr@buzzoole.com,buzzoole.com,https://buzzoole.com/careers,
Cabify,Europe,Madrid / remote,careers@cabify.com,guessed pattern (verify before sending),hr@cabify.com,cabify.com,https://cabify.com/careers,
Cal.com,Europe,Europe / remote,careers@cal.com,company website,hr@cal.com,cal.com,https://cal.com/careers,
Capchase,Europe,Madrid / remote,careers@capchase.com,guessed pattern (verify before sending),hr@capchase.com,capchase.com,https://capchase.com/careers,
Casavo,Europe,Milan / remote,u003eassistenza@casavo.com,company website,"u003eaide@casavo.com, dpo@casavo.com, gdpr@casavo.com, u003edpo@casavo.com, assistenza@casavo.com, aide@casavo.com",casavo.com,https://casavo.com/careers,
Celonis,Europe,Munich / remote,careers@celonis.com,company website,"info@celonis.com, hr@celonis.com",celonis.com,https://celonis.com/careers,
Clarity AI,Europe,Madrid / remote,careers@clarity.ai,guessed pattern (verify before sending),hr@clarity.ai,clarity.ai,https://clarity.ai/careers,
Cleo,Europe,London / remote,careers@meetcleo.com,guessed pattern (verify before sending),hr@meetcleo.com,meetcleo.com,https://meetcleo.com/careers,
Cognite,Europe,Oslo / remote,careers@cognite.com,guessed pattern (verify before sending),hr@cognite.com,cognite.com,https://cognite.com/careers,
Conio,Europe,Milan / remote,careers@conio.com,guessed pattern (verify before sending),hr@conio.com,conio.com,https://conio.com/careers,
Contentful,Europe,Berlin / remote,careers@contentful.com,guessed pattern (verify before sending),hr@contentful.com,contentful.com,https://contentful.com/careers,
Contents.com,Europe,Milan / remote,careers@contents.com,guessed pattern (verify before sending),hr@contents.com,contents.com,https://contents.com/careers,
Contentsquare,Europe,Paris / remote,careers@contentsquare.com,company website,"people.ops@contentsquare.com, hr@contentsquare.com, contact-fr@contentsquare.com, contact-uk@contentsquare.com, contact-us@contentsquare.com, contact-ita@contentsquare.com",contentsquare.com,https://contentsquare.com/careers,
Coolblue,Europe,Rotterdam / remote,careers@coolblue.nl,guessed pattern (verify before sending),hr@coolblue.nl,coolblue.nl,https://coolblue.nl/careers,
Cortilia,Europe,Milan / remote,aiuto@cortilia.it,company website,,cortilia.it,https://cortilia.it/careers,
CoverManager,Europe,Seville / remote,hospitality@covermanager.com,company website,"contacto@covermanager.com, hospitality.latam@covermanager.com",covermanager.com,https://covermanager.com/careers,
Criteo,Europe,Paris / remote,careers@criteo.com,guessed pattern (verify before sending),hr@criteo.com,criteo.com,https://criteo.com/careers,
CrowdStrike,Europe,"Germany,  Ireland,  Israel,  Romania,  UK",recruiting@crowdstrike.com,job posting,,,https://jobicy.com/jobs/145057-sr-security-researcher-ii-remote-deu,"Sr. Security Researcher II (Remote, DEU)"
Curve,Europe,London / remote,careers@curve.com,guessed pattern (verify before sending),hr@curve.com,curve.com,https://curve.com/careers,
Darktrace,Europe,Cambridge / remote,careers@darktrace.com,company website,hr@darktrace.com,darktrace.com,https://darktrace.com/careers,
Dashlane,Europe,Paris / remote,careers@dashlane.com,guessed pattern (verify before sending),hr@dashlane.com,dashlane.com,https://dashlane.com/careers,
Dataiku,Europe,Paris / remote,careers@dataiku.com,guessed pattern (verify before sending),hr@dataiku.com,dataiku.com,https://dataiku.com/careers,
DeepL,Europe,Cologne / remote,careers@deepl.com,company website,"block@deepl.com, u003eblock@deepl.com, hr@deepl.com",deepl.com,https://deepl.com/careers,
deepset,Europe,Berlin / remote,careers@deepset.ai,guessed pattern (verify before sending),hr@deepset.ai,deepset.ai,https://deepset.ai/careers,
Deezer,Europe,Paris / remote,careers@deezer.com,guessed pattern (verify before sending),hr@deezer.com,deezer.com,https://deezer.com/careers,
Deliveroo,Europe,London / remote,careers@deliveroo.com,guessed pattern (verify before sending),hr@deliveroo.com,deliveroo.com,https://deliveroo.com/careers,
Doctolib,Europe,Paris / remote,careers@doctolib.com,guessed pattern (verify before sending),hr@doctolib.com,doctolib.com,https://doctolib.com/careers,
Doctrine,Europe,Paris / remote,careers@doctrine.fr,guessed pattern (verify before sending),hr@doctrine.fr,doctrine.fr,https://doctrine.fr/careers,
Doist,Europe,Europe / remote,careers@doist.com,company website,hr@doist.com,doist.com,https://doist.com/careers,
DoveVado / Moovit IT,Europe,Italy / remote,careers@moovit.com,guessed pattern (verify before sending),hr@moovit.com,moovit.com,https://moovit.com/careers,
Dynatrace,Europe,Linz / remote,careers@dynatrace.com,company website,"emeainfo@dynatrace.com, research@dynatrace.com, office.brno@dynatrace.com, dt-egypt-partner@dynatrace.com, pauli.karkkainen@dynatrace.com, dt-greece-partner@dynatrace.com, office.tel-aviv@dynatrace.com, gdn.office@dynatrace.com, meinfo@dynatrace.com, dt-south-africa-partner@dynatrace.com, bcn.office@dynatrace.com, dt-turkey-partner@dynatrace.com, india.contact@dynatrace.com, japan.info@dynatrace.com, korea.info@dynatrace.com, hr@dynatrace.com",dynatrace.com,https://dynatrace.com/careers,
Ecosia,Europe,Berlin / remote,careers@ecosia.org,guessed pattern (verify before sending),hr@ecosia.org,ecosia.org,https://ecosia.org/careers,
Element,Europe,London / remote,careers@element.io,guessed pattern (verify before sending),hr@element.io,element.io,https://element.io/careers,
ElevenLabs,Europe,London / remote,careers@elevenlabs.io,guessed pattern (verify before sending),hr@elevenlabs.io,elevenlabs.io,https://elevenlabs.io/careers,
eMAG,Europe,Bucharest / remote,careers@emag.ro,guessed pattern (verify before sending),hr@emag.ro,emag.ro,https://emag.ro/careers,
Epidemic Sound,Europe,Stockholm / remote,careers@epidemicsound.com,guessed pattern (verify before sending),hr@epidemicsound.com,epidemicsound.com,https://epidemicsound.com/careers,
eToro,Europe,London / remote,careers@etoro.com,guessed pattern (verify before sending),hr@etoro.com,etoro.com,https://etoro.com/careers,
Everli,Europe,Milan / remote,careers@everli.com,guessed pattern (verify before sending),hr@everli.com,everli.com,https://everli.com/careers,
Exoscale,Europe,Lausanne / remote,careers@exoscale.com,company website,hr@exoscale.com,exoscale.com,https://exoscale.com/careers,
Facile.it,Europe,Milan / remote,careers@facile.it,guessed pattern (verify before sending),hr@facile.it,facile.it,https://facile.it/careers,
Factorial,Europe,Barcelona / remote,careers@factorialhr.com,guessed pattern (verify before sending),hr@factorialhr.com,factorialhr.com,https://factorialhr.com/careers,
Faculty,Europe,London / remote,careers@faculty.ai,company website,hr@faculty.ai,faculty.ai,https://faculty.ai/careers,
Farfetch,Europe,Porto / remote,careers@farfetch.com,guessed pattern (verify before sending),hr@farfetch.com,farfetch.com,https://farfetch.com/careers,
Featurespace,Europe,Cambridge / remote,careers@featurespace.com,guessed pattern (verify before sending),hr@featurespace.com,featurespace.com,https://featurespace.com/careers,
Feedzai,Europe,Lisbon / remote,careers@feedzai.com,guessed pattern (verify before sending),hr@feedzai.com,feedzai.com,https://feedzai.com/careers,
Fenergo,Europe,Dublin / remote,careers@fenergo.com,company website,"hello@fenergo.com, partners@fenergo.com, hr@fenergo.com",fenergo.com,https://fenergo.com/careers,
Fever,Europe,Madrid / remote,careers@feverup.com,guessed pattern (verify before sending),hr@feverup.com,feverup.com,https://feverup.com/careers,
Fiscozen,Europe,Milan / remote,careers@fiscozen.it,guessed pattern (verify before sending),hr@fiscozen.it,fiscozen.it,https://fiscozen.it/careers,
Flipdish,Europe,Dublin / remote,careers@flipdish.com,guessed pattern (verify before sending),hr@flipdish.com,flipdish.com,https://flipdish.com/careers,
Flix,Europe,Munich / remote,careers@flix.com,guessed pattern (verify before sending),hr@flix.com,flix.com,https://flix.com/careers,
FlixBus,Europe,Munich / remote,careers@flixbus.com,guessed pattern (verify before sending),hr@flixbus.com,flixbus.com,https://flixbus.com/careers,
Framer,Europe,Amsterdam / remote,careers@framer.com,company website,"abuse@framer.com, hr@framer.com",framer.com,https://framer.com/careers,
Front,Europe,Paris / remote,careers@front.com,guessed pattern (verify before sending),hr@front.com,front.com,https://front.com/careers,
Genially,Europe,Cordoba / remote,careers@genial.ly,guessed pattern (verify before sending),hr@genial.ly,genial.ly,https://genial.ly/careers,
GetYourGuide,Europe,Berlin / remote,careers@getyourguide.com,guessed pattern (verify before sending),hr@getyourguide.com,getyourguide.com,https://getyourguide.com/careers,
Ghost,Europe,Singapore / remote,careers@ghost.org,company website,hr@ghost.org,ghost.org,https://ghost.org/careers,
GitBook,Europe,Europe / remote,careers@gitbook.com,company website,hr@gitbook.com,gitbook.com,https://gitbook.com/careers,
Gitpod,Europe,Europe / remote,careers@gitpod.io,company website,"contact@gitpod.io, hr@gitpod.io",gitpod.io,https://gitpod.io/careers,
Glovo,Europe,Barcelona / remote,careers@glovoapp.com,guessed pattern (verify before sending),hr@glovoapp.com,glovoapp.com,https://glovoapp.com/careers,
GoCardless,Europe,London / remote,careers@gocardless.com,company website,hr@gocardless.com,gocardless.com,https://gocardless.com/careers,
Gorgias,Europe,Paris / remote,careers@gorgias.com,guessed pattern (verify before sending),hr@gorgias.com,gorgias.com,https://gorgias.com/careers,
Grafana Labs,Europe,Europe / remote,careers@grafana.com,company website,"info@grafana.com, partners@grafana.com, hr@grafana.com",grafana.com,https://grafana.com/careers,
Grammarly,Europe,Kyiv / remote,careers@grammarly.com,guessed pattern (verify before sending),hr@grammarly.com,grammarly.com,https://grammarly.com/careers,
Habitissimo,Europe,Palma / remote,soporte@habitissimo.com,company website,,habitissimo.com,https://habitissimo.com/careers,
Helbiz,Europe,Milan / remote,careers@helbiz.com,guessed pattern (verify before sending),hr@helbiz.com,helbiz.com,https://helbiz.com/careers,
HelloFresh,Europe,Berlin / remote,careers@hellofresh.com,guessed pattern (verify before sending),hr@hellofresh.com,hellofresh.com,https://hellofresh.com/careers,
Hellofresh,Europe,"Warszawa, Masovian Voivodeship, Poland",careers@careers.hellofresh.com,guessed pattern (verify before sending),"hr@careers.hellofresh.com, jobs@careers.hellofresh.com, talent@careers.hellofresh.com, recruiting@careers.hellofresh.com",careers.hellofresh.com,https://careers.hellofresh.com/global/en/job/8028077?gh_jid=8028077,Senior Backend Engineer - Python and/or Go
Hetzner,Europe,Germany / remote,careers@hetzner.com,company website,"info@hetzner.com, tco@hetzner.com, dsa-authorities@hetzner.com, hr@hetzner.com",hetzner.com,https://hetzner.com/careers,
HiBob,Europe,London / remote,careers@hibob.com,guessed pattern (verify before sending),hr@hibob.com,hibob.com,https://hibob.com/careers,
Holded,Europe,Barcelona / remote,careers@holded.com,guessed pattern (verify before sending),hr@holded.com,holded.com,https://holded.com/careers,
Hopin,Europe,London / remote,careers@hopin.com,guessed pattern (verify before sending),hr@hopin.com,hopin.com,https://hopin.com/careers,
Hotjar,Europe,Malta / remote,careers@hotjar.com,guessed pattern (verify before sending),hr@hotjar.com,hotjar.com,https://hotjar.com/careers,
ICEYE,Europe,Helsinki / remote,careers@iceye.com,guessed pattern (verify before sending),hr@iceye.com,iceye.com,https://iceye.com/careers,
Idealista,Europe,Madrid / remote,careers@idealista.com,guessed pattern (verify before sending),hr@idealista.com,idealista.com,https://idealista.com/careers,
Intercom,Europe,Dublin / remote,careers@intercom.com,company website,hr@intercom.com,intercom.com,https://intercom.com/careers,
Ironhack,Europe,Madrid / Barcelona / remote,careers@ironhack.com,guessed pattern (verify before sending),hr@ironhack.com,ironhack.com,https://ironhack.com/careers,
JetBrains,Europe,Prague / remote,careers@jetbrains.com,guessed pattern (verify before sending),hr@jetbrains.com,jetbrains.com,https://jetbrains.com/careers,
Jobandtalent,Europe,Madrid / remote,careers@jobandtalent.com,company website,"info.de@jobandtalent.com, hr@jobandtalent.com",jobandtalent.com,https://jobandtalent.com/careers,
Just Eat Takeaway,Europe,London / Amsterdam / remote,careers@justeattakeaway.com,guessed pattern (verify before sending),hr@justeattakeaway.com,justeattakeaway.com,https://justeattakeaway.com/careers,
Kahoot,Europe,Oslo / remote,careers@kahoot.com,guessed pattern (verify before sending),hr@kahoot.com,kahoot.com,https://kahoot.com/careers,
King,Europe,Stockholm / remote,careers@king.com,company website,"de.help@king.com, hr@king.com",king.com,https://king.com/careers,
Klarna,Europe,Stockholm / remote,careers@klarna.com,guessed pattern (verify before sending),hr@klarna.com,klarna.com,https://klarna.com/careers,
Kry,Europe,Stockholm / remote,careers@kry.se,guessed pattern (verify before sending),hr@kry.se,kry.se,https://kry.se/careers,
Lago,Europe,Paris / remote,careers@getlago.com,guessed pattern (verify before sending),hr@getlago.com,getlago.com,https://getlago.com/careers,
Langfuse,Europe,Berlin / remote,careers@langfuse.com,company website,"contact@langfuse.com, hr@langfuse.com",langfuse.com,https://langfuse.com/careers,
Leapsome,Europe,Berlin / remote,careers@leapsome.com,company website,hr@leapsome.com,leapsome.com,https://leapsome.com/careers,
Ledger,Europe,Paris / remote,careers@ledger.com,guessed pattern (verify before sending),hr@ledger.com,ledger.com,https://ledger.com/careers,
Lemlist,Europe,Paris / remote,careers@lemlist.com,guessed pattern (verify before sending),hr@lemlist.com,lemlist.com,https://lemlist.com/careers,
Lunar,Europe,Copenhagen / remote,careers@lunar.app,guessed pattern (verify before sending),hr@lunar.app,lunar.app,https://lunar.app/careers,
Lydia,Europe,Paris / remote,careers@lydia-app.com,guessed pattern (verify before sending),hr@lydia-app.com,lydia-app.com,https://lydia-app.com/careers,
ManoMano,Europe,Paris / remote,careers@manomano.com,guessed pattern (verify before sending),hr@manomano.com,manomano.com,https://manomano.com/careers,
Marshmallow,Europe,London / remote,careers@marshmallow.com,guessed pattern (verify before sending),hr@marshmallow.com,marshmallow.com,https://marshmallow.com/careers,
Meilisearch,Europe,Paris / remote,careers@meilisearch.com,guessed pattern (verify before sending),hr@meilisearch.com,meilisearch.com,https://meilisearch.com/careers,
Milkman Technologies,Europe,Milan / remote,careers@milkmantechnologies.com,guessed pattern (verify before sending),hr@milkmantechnologies.com,milkmantechnologies.com,https://milkmantechnologies.com/careers,
Mirakl,Europe,Paris / remote,careers@mirakl.com,guessed pattern (verify before sending),hr@mirakl.com,mirakl.com,https://mirakl.com/careers,
Mirantis,Europe,Europe,isamoylova@mirantis.com,job posting,,,https://jobicy.com/jobs/150239-pre-sales-solution-architect-ai-infrastructure-remote-in-the-eu,Pre-Sales Solution Architect – AI Infrastructure (remote in the EU)
Miro,Europe,Amsterdam / remote,careers@miro.com,guessed pattern (verify before sending),hr@miro.com,miro.com,https://miro.com/careers,
Mistral AI,Europe,Paris / remote,careers@mistral.ai,company website,"peter@mistral.ai, hr@mistral.ai",mistral.ai,https://mistral.ai/careers,
Mollie,Europe,Amsterdam / remote,careers@mollie.com,company website,"info@mollie.com, hr@mollie.com",mollie.com,https://mollie.com/careers,
Moneyfarm,Europe,Milan / remote,hello@moneyfarm.com,company website,,moneyfarm.com,https://moneyfarm.com/careers,
Monzo,Europe,London / remote,careers@monzo.com,company website,"hr@monzo.com, u003ehelp@monzo.com",monzo.com,https://monzo.com/careers,
Mullvad,Europe,Gothenburg / remote,careers@mullvad.net,guessed pattern (verify before sending),hr@mullvad.net,mullvad.net,https://mullvad.net/careers,
Musixmatch,Europe,Bologna / remote,careers@musixmatch.com,guessed pattern (verify before sending),hr@musixmatch.com,musixmatch.com,https://musixmatch.com/careers,
MutuiOnline,Europe,Milan / remote,careers@mutuionline.it,guessed pattern (verify before sending),hr@mutuionline.it,mutuionline.it,https://mutuionline.it/careers,
N26,Europe,Berlin / remote,careers@n26.com,company website,"imprint@n26.com, officials@n26.com, nimprint@n26.com, hr@n26.com, sam.walker@n26.com, jobs@n26.com, talent@n26.com, recruiting@n26.com",n26.com,https://n26.com/en-eu/careers/positions/8020406?gh_jid=8020406,Principal AI Engineer - Conversational Banking
Nexo,Europe,Sofia / remote,careers@nexo.com,guessed pattern (verify before sending),hr@nexo.com,nexo.com,https://nexo.com/careers,
Nextcloud,Europe,Stuttgart / remote,careers@nextcloud.com,guessed pattern (verify before sending),hr@nextcloud.com,nextcloud.com,https://nextcloud.com/careers,
Nexthink,Europe,Lausanne / remote,careers@nexthink.com,company website,"ncontact@nexthink.com, hr@nexthink.com",nexthink.com,https://nexthink.com/careers,
Nord Security,Europe,Vilnius / remote,careers@nordsecurity.com,company website,"career@nordsec.com, hr@nordsecurity.com",nordsecurity.com,https://nordsecurity.com/careers,
OakNorth,Europe,London / remote,careers@oaknorth.com,guessed pattern (verify before sending),hr@oaknorth.com,oaknorth.com,https://oaknorth.com/careers,
Oda,Europe,Oslo / remote,careers@oda.com,guessed pattern (verify before sending),hr@oda.com,oda.com,https://oda.com/careers,
Onfido,Europe,London / remote,careers@onfido.com,guessed pattern (verify before sending),hr@onfido.com,onfido.com,https://onfido.com/careers,
OutSystems,Europe,Lisbon / remote,careers@outsystems.com,company website,hr@outsystems.com,outsystems.com,https://outsystems.com/careers,
OVHcloud,Europe,Roubaix / remote,careers@ovhcloud.com,guessed pattern (verify before sending),hr@ovhcloud.com,ovhcloud.com,https://ovhcloud.com/careers,
Oyster,Europe,Europe / remote,careers@oysterhr.com,guessed pattern (verify before sending),hr@oysterhr.com,oysterhr.com,https://oysterhr.com/careers,
Paddle,Europe,London / remote,careers@paddle.com,guessed pattern (verify before sending),hr@paddle.com,paddle.com,https://paddle.com/careers,
PayFit,Europe,Paris / remote,careers@payfit.com,guessed pattern (verify before sending),hr@payfit.com,payfit.com,https://payfit.com/careers,
Payhawk,Europe,London / remote,careers@payhawk.com,company website,hr@payhawk.com,payhawk.com,https://payhawk.com/careers,
pCloud,Europe,Sofia / remote,careers@pcloud.com,guessed pattern (verify before sending),hr@pcloud.com,pcloud.com,https://pcloud.com/careers,
Pennylane,Europe,Paris / remote,careers@pennylane.com,guessed pattern (verify before sending),hr@pennylane.com,pennylane.com,https://pennylane.com/careers,
Personio,Europe,Munich / remote,careers@personio.com,company website,"hr@personio.com, hello@personio.com",personio.com,https://personio.com/careers,
Phaidra,Europe,Europe,hiring@phaidra.ai,job posting,,,https://jobicy.com/jobs/149863-senior-ai-research-engineer,Senior AI Research Engineer
Photoroom,Europe,Paris / remote,careers@photoroom.com,guessed pattern (verify before sending),hr@photoroom.com,photoroom.com,https://photoroom.com/careers,
Picnic,Europe,Amsterdam / remote,careers@picnic.app,guessed pattern (verify before sending),hr@picnic.app,picnic.app,https://picnic.app/careers,
Pigment,Europe,Paris / remote,careers@pigment.com,guessed pattern (verify before sending),hr@pigment.com,pigment.com,https://pigment.com/careers,
Pipedrive,Europe,Tallinn / remote,careers@pipedrive.com,guessed pattern (verify before sending),hr@pipedrive.com,pipedrive.com,https://pipedrive.com/careers,
Plausible,Europe,Europe / remote,hello@plausible.io,known + company website,,plausible.io,https://plausible.io/careers,
Pleo,Europe,Copenhagen / remote,careers@pleo.io,company website,"partners@pleo.io, info@pleo.io, hr@pleo.io",pleo.io,https://pleo.io/careers,
PostHog,Europe,Europe / remote,careers@posthog.com,company website,hr@posthog.com,posthog.com,https://posthog.com/careers,
Preply,Europe,Kyiv / remote,careers@preply.com,guessed pattern (verify before sending),hr@preply.com,preply.com,https://preply.com/careers,
Prima Assicurazioni,Europe,Milan / remote,careers@prima.it,guessed pattern (verify before sending),hr@prima.it,prima.it,https://prima.it/careers,
Prismic,Europe,Paris / remote,careers@prismic.io,guessed pattern (verify before sending),hr@prismic.io,prismic.io,https://prismic.io/careers,
Proton,Europe,Geneva / remote,careers@proton.me,company website,"hr@proton.me, careers@proton.ch",proton.me,https://proton.me/careers,
Qdrant,Europe,Berlin / remote,careers@qdrant.tech,guessed pattern (verify before sending),hr@qdrant.tech,qdrant.tech,https://qdrant.tech/careers,
Qonto,Europe,Paris / remote,careers@qonto.com,guessed pattern (verify before sending),hr@qonto.com,qonto.com,https://qonto.com/careers,
Qwant,Europe,Paris / remote,careers@qwant.com,guessed pattern (verify before sending),hr@qwant.com,qwant.com,https://qwant.com/careers,
Rapyd,Europe,London / remote,careers@rapyd.net,guessed pattern (verify before sending),hr@rapyd.net,rapyd.net,https://rapyd.net/careers,
RELEX,Europe,Helsinki / remote,careers@relexsolutions.com,company website,"hr@relexsolutions.com, recruitment@relexsolutions.com",relexsolutions.com,https://relexsolutions.com/careers,
Remote,Europe,Lisbon / remote,careers@remote.com,company website,"help@remote.com, hr@remote.com, hiring@remote.com",remote.com,https://remote.com/careers,
Revolut,Europe,London / remote,careers@revolut.com,guessed pattern (verify before sending),hr@revolut.com,revolut.com,https://revolut.com/careers,
SafetyWing,Europe,Europe / remote,careers@safetywing.com,company website,"partnerships@safetywing.com, hr@safetywing.com",safetywing.com,https://safetywing.com/careers,
Satispay,Europe,Milan / remote,careers@satispay.com,guessed pattern (verify before sending),hr@satispay.com,satispay.com,https://satispay.com/careers,
Scalapay,Europe,Milan / remote,careers@scalapay.com,guessed pattern (verify before sending),hr@scalapay.com,scalapay.com,https://scalapay.com/careers,
Scaleway,Europe,Paris / remote,careers@scaleway.com,guessed pattern (verify before sending),hr@scaleway.com,scaleway.com,https://scaleway.com/careers,
Scandit,Europe,Zurich / remote,careers@scandit.com,company website,"contact@scandit.com, hr@scandit.com",scandit.com,https://scandit.com/careers,
Sequra,Europe,Barcelona / remote,careers@sequra.com,guessed pattern (verify before sending),hr@sequra.com,sequra.com,https://sequra.com/careers,
Shift Technology,Europe,Paris / remote,jobs@shift-technology.com,company website,"partners@shift-technology.com, careers@shift-technology.com, hr@shift-technology.com",shift-technology.com,https://shift-technology.com/careers,
Shine,Europe,Paris / remote,careers@shine.fr,guessed pattern (verify before sending),hr@shine.fr,shine.fr,https://shine.fr/careers,
Shippeo,Europe,Paris / remote,careers@shippeo.com,guessed pattern (verify before sending),hr@shippeo.com,shippeo.com,https://shippeo.com/careers,
Skyscanner,Europe,Edinburgh / remote,careers@skyscanner.net,guessed pattern (verify before sending),hr@skyscanner.net,skyscanner.net,https://skyscanner.net/careers,
Smartly,Europe,Helsinki / remote,careers@smartly.io,guessed pattern (verify before sending),hr@smartly.io,smartly.io,https://smartly.io/careers,
Snowplow,Europe,London / remote,careers@snowplow.io,company website,hr@snowplow.io,snowplow.io,https://snowplow.io/careers,
SonarSource,Europe,Geneva / remote,careers@sonarsource.com,guessed pattern (verify before sending),hr@sonarsource.com,sonarsource.com,https://sonarsource.com/careers,
Sorare,Europe,Paris / remote,careers@sorare.com,guessed pattern (verify before sending),hr@sorare.com,sorare.com,https://sorare.com/careers,
SoundCloud,Europe,Berlin / remote,careers@soundcloud.com,company website,"dsa-contact@soundcloud.com, tco-contact@soundcloud.com, u003edsa-contact@soundcloud.com, u003etco-contact@soundcloud.com, hr@soundcloud.com, recruiters@soundcloud.com, fraudulent-emails@soundcloud.com",soundcloud.com,https://soundcloud.com/careers,
Speechmatics,Europe,Cambridge / remote,careers@speechmatics.com,company website,"hello@speechmatics.com, hr@speechmatics.com",speechmatics.com,https://speechmatics.com/careers,
Spendesk,Europe,Paris / remote,careers@spendesk.com,company website,hr@spendesk.com,spendesk.com,https://spendesk.com/careers,
Spotify,Europe,Stockholm / remote,careers@spotify.com,guessed pattern (verify before sending),hr@spotify.com,spotify.com,https://spotify.com/careers,
Stability AI,Europe,London / remote,careers@stability.ai,company website,"partners@stability.ai, hr@stability.ai",stability.ai,https://stability.ai/careers,
Starling Bank,Europe,London / remote,careers@starlingbank.com,company website,"help@starlingbank.com, speaking.invitations@starlingbank.com, brandpartnerships@starlingbank.com, accounts@starlingbank.com, hr@starlingbank.com",starlingbank.com,https://starlingbank.com/careers,
Storyblok,Europe,Linz / remote,careers@storyblok.com,guessed pattern (verify before sending),hr@storyblok.com,storyblok.com,https://storyblok.com/careers,
Strapi,Europe,Paris / remote,careers@strapi.io,company website,hr@strapi.io,strapi.io,https://strapi.io/careers,
SumUp,Europe,London / remote,careers@sumup.com,guessed pattern (verify before sending),hr@sumup.com,sumup.com,https://sumup.com/careers,
Supermetrics,Europe,Helsinki / remote,careers@supermetrics.com,company website,hr@supermetrics.com,supermetrics.com,https://supermetrics.com/careers,
Swan,Europe,Paris / remote,careers@swan.io,company website,"requisition@swan.io, hr@swan.io",swan.io,https://swan.io/careers,
Swile,Europe,Paris / remote,careers@swile.co,guessed pattern (verify before sending),hr@swile.co,swile.co,https://swile.co/careers,
Synthesia,Europe,London / remote,careers@synthesia.io,guessed pattern (verify before sending),hr@synthesia.io,synthesia.io,https://synthesia.io/careers,
Talkdesk,Europe,Lisbon / remote,careers@talkdesk.com,guessed pattern (verify before sending),hr@talkdesk.com,talkdesk.com,https://talkdesk.com/careers,
Tally,Europe,Europe / remote,careers@tally.so,guessed pattern (verify before sending),hr@tally.so,tally.so,https://tally.so/careers,
TeamSystem,Europe,Pesaro / remote,careers@teamsystem.com,guessed pattern (verify before sending),hr@teamsystem.com,teamsystem.com,https://teamsystem.com/careers,
Teamwork,Europe,Cork / remote,careers@teamwork.com,company website,"hr@teamwork.com, jobs@teamwork.com",teamwork.com,https://teamwork.com/careers,
Thought Machine,Europe,London / remote,careers@thoughtmachine.net,company website,hr@thoughtmachine.net,thoughtmachine.net,https://thoughtmachine.net/careers,
Tide,Europe,London / remote,careers@tide.co,company website,"hello@tide.co, complaints@tide.co, hr@tide.co",tide.co,https://tide.co/careers,
Toggl,Europe,Tallinn / remote,careers@toggl.com,company website,hr@toggl.com,toggl.com,https://toggl.com/careers,
TomTom,Europe,Amsterdam / remote,careers@tomtom.com,company website,"productsafetyquestions@tomtom.com, hr@tomtom.com",tomtom.com,https://tomtom.com/careers,
Too Good To Go,Europe,Copenhagen / remote,careers@toogoodtogo.com,company website,hr@toogoodtogo.com,toogoodtogo.com,https://toogoodtogo.com/careers,
Tractable,Europe,London / remote,careers@tractable.ai,guessed pattern (verify before sending),hr@tractable.ai,tractable.ai,https://tractable.ai/careers,
Trade Republic,Europe,Berlin / remote,careers@traderepublic.com,guessed pattern (verify before sending),hr@traderepublic.com,traderepublic.com,https://traderepublic.com/careers,
Trading 212,Europe,London / remote,careers@trading212.com,guessed pattern (verify before sending),hr@trading212.com,trading212.com,https://trading212.com/careers,
Trainline,Europe,London / remote,careers@thetrainline.com,guessed pattern (verify before sending),hr@thetrainline.com,thetrainline.com,https://thetrainline.com/careers,
TransferGo,Europe,Vilnius / remote,careers@transfergo.com,guessed pattern (verify before sending),hr@transfergo.com,transfergo.com,https://transfergo.com/careers,
TravelPerk,Europe,Barcelona / remote,careers@travelperk.com,guessed pattern (verify before sending),hr@travelperk.com,travelperk.com,https://travelperk.com/careers,
Tresorit,Europe,Zurich / remote,careers@tresorit.com,guessed pattern (verify before sending),hr@tresorit.com,tresorit.com,https://tresorit.com/careers,
Trezor,Europe,Prague / remote,careers@trezor.io,guessed pattern (verify before sending),hr@trezor.io,trezor.io,https://trezor.io/careers,
Truecaller,Europe,Stockholm / remote,careers@truecaller.com,guessed pattern (verify before sending),hr@truecaller.com,truecaller.com,https://truecaller.com/careers,
Trustly,Europe,Stockholm / remote,careers@trustly.com,guessed pattern (verify before sending),hr@trustly.com,trustly.com,https://trustly.com/careers,
Trustpilot,Europe,Copenhagen / remote,careers@trustpilot.com,guessed pattern (verify before sending),hr@trustpilot.com,trustpilot.com,https://trustpilot.com/careers,
Tuta,Europe,Hannover / remote,careers@tuta.com,guessed pattern (verify before sending),hr@tuta.com,tuta.com,https://tuta.com/careers,
Typeform,Europe,Barcelona / remote,careers@typeform.com,company website,"email@typeform.com, hr@typeform.com",typeform.com,https://typeform.com/careers,
UiPath,Europe,Bucharest / remote,careers@uipath.com,guessed pattern (verify before sending),hr@uipath.com,uipath.com,https://uipath.com/careers,
Unbabel,Europe,Lisbon / remote,careers@unbabel.com,guessed pattern (verify before sending),hr@unbabel.com,unbabel.com,https://unbabel.com/careers,
UpCloud,Europe,Helsinki / remote,careers@upcloud.com,guessed pattern (verify before sending),hr@upcloud.com,upcloud.com,https://upcloud.com/careers,
Veriff,Europe,Tallinn / remote,careers@veriff.com,guessed pattern (verify before sending),hr@veriff.com,veriff.com,https://veriff.com/careers,
Visma,Europe,Oslo / remote,careers@visma.com,guessed pattern (verify before sending),hr@visma.com,visma.com,https://visma.com/careers,
Vivaldi,Europe,Oslo / remote,careers@vivaldi.com,company website,"team_vivaldi@vivaldi.com, hr@vivaldi.com",vivaldi.com,https://vivaldi.com/careers,
Voi,Europe,Stockholm / remote,careers@voi.com,guessed pattern (verify before sending),hr@voi.com,voi.com,https://voi.com/careers,
Voodoo,Europe,Paris / remote,careers@voodoo.io,guessed pattern (verify before sending),hr@voodoo.io,voodoo.io,https://voodoo.io/careers,
VueStorefront / Alokai,Europe,Italy / remote,careers@alokai.com,guessed pattern (verify before sending),hr@alokai.com,alokai.com,https://alokai.com/careers,
Wallapop,Europe,Barcelona / remote,careers@wallapop.com,guessed pattern (verify before sending),hr@wallapop.com,wallapop.com,https://wallapop.com/careers,
Weaviate,Europe,Amsterdam / remote,careers@weaviate.io,guessed pattern (verify before sending),hr@weaviate.io,weaviate.io,https://weaviate.io/careers,
Wefox,Europe,Berlin / remote,careers@wefox.com,company website,"feedback@wefox.com, hr@wefox.com",wefox.com,https://wefox.com/careers,
Welcome to the Jungle,Europe,Paris / remote,careers@welcometothejungle.com,guessed pattern (verify before sending),hr@welcometothejungle.com,welcometothejungle.com,https://welcometothejungle.com/careers,
WeTransfer,Europe,Amsterdam / remote,careers@wetransfer.com,guessed pattern (verify before sending),hr@wetransfer.com,wetransfer.com,https://wetransfer.com/careers,
Wise,Europe,London / remote,careers@wise.com,company website,"ouvidoria@wise.com, u003eouvidoria@wise.com, hr@wise.com",wise.com,https://wise.com/careers,
Wolt,Europe,Helsinki / remote,careers@wolt.com,guessed pattern (verify before sending),hr@wolt.com,wolt.com,https://wolt.com/careers,
Xeneta,Europe,Oslo / remote,careers@xeneta.com,company website,"info@xeneta.com, hr@xeneta.com, talent@xeneta.com",xeneta.com,https://xeneta.com/careers,
Yolo Group,Europe,Milan / remote,assistenza@yolo-insurance.com,company website,,yolo-insurance.com,https://yolo-insurance.com/careers,
Young Platform,Europe,Turin / remote,careers@youngplatform.com,guessed pattern (verify before sending),hr@youngplatform.com,youngplatform.com,https://youngplatform.com/careers,
Zalando,Europe,Berlin / remote,careers@zalando.com,guessed pattern (verify before sending),hr@zalando.com,zalando.com,https://zalando.com/careers,
Zepz,Europe,London / remote,careers@zepz.com,guessed pattern (verify before sending),hr@zepz.com,zepz.com,https://zepz.com/careers,
Zettle,Europe,Stockholm / remote,careers@zettle.com,guessed pattern (verify before sending),hr@zettle.com,zettle.com,https://zettle.com/careers,
