Title,Company,Work Mode,Location,Location Fit,Pakistan Friendly,URL,Source,Company Domain,HR / Recruiter Email,Email Source
DESARROLLADOR FULL STACK,Kruger NearShore LLC - Rekluti,remote,Remote,Worldwide remote,Yes,https://remoteOK.com/remote-jobs/remote-desarrollador-full-stack-kruger-nearshore-llc-rekluti-1137062,RemoteOK,,,
Consultant Implementation Engineer,Harbor,remote,Remote,Worldwide remote,Yes,https://remoteOK.com/remote-jobs/remote-consultant-implementation-engineer-harbor-1136987,RemoteOK,,,
"Senior Manager, QA Engineering",Camunda,remote,Remote,Worldwide remote,Yes,https://www.arbeitnow.com/jobs/companies/camunda/remote-senior-manager-qa-engineering-194334,Arbeitnow,,,
"AI Automations Engineer Apply 100% remote Full-time Part-time Islamabad, Lahore, Karachi, Remote Apply",SadaPay,remote,Pakistan,Karachi remote,Yes,https://sadapay.pk/jobs-listing/ai-automations-engineer,SadaPay,sadapay.pk,careers@sadapay.pk,known company contact
Full Stack Product Engineer Apply 100% remote Full-time Part-time Karachi (preferred) | Remote (considered) Apply,SadaPay,remote,Pakistan,Karachi remote,Yes,https://sadapay.pk/jobs-listing/full-stack-product-engineer,SadaPay,sadapay.pk,careers@sadapay.pk,known company contact
Senior IT Infrastructure Engineer II,Careem,remote,"Karachi, Pakistan",Karachi remote,Yes,https://boards.greenhouse.io/careem/jobs/8620488002?gh_jid=8620488002,Greenhouse/Careem,careem.com,careers@careem.com,known company contact
Senior Security Engineer II,Careem,remote,"Karachi, Pakistan",Karachi remote,Yes,https://boards.greenhouse.io/careem/jobs/8620290002?gh_jid=8620290002,Greenhouse/Careem,careem.com,careers@careem.com,known company contact
Senior Software Engineer I,Careem,remote,"Karachi, Pakistan; Lahore, Pakistan",Karachi remote,Yes,https://boards.greenhouse.io/careem/jobs/8682543002?gh_jid=8682543002,Greenhouse/Careem,careem.com,careers@careem.com,known company contact
Senior Software Engineer I - Backend,Careem,remote,"Amman, Jordan; Islamabad, Pakistan; Karachi, Pakistan; Lahore, Pakistan",Karachi remote,Yes,https://boards.greenhouse.io/careem/jobs/8620291002?gh_jid=8620291002,Greenhouse/Careem,careem.com,careers@careem.com,known company contact
Software Engineer I ,Careem,remote,"Karachi, Pakistan; Lahore, Pakistan",Karachi remote,Yes,https://boards.greenhouse.io/careem/jobs/7107610002?gh_jid=7107610002,Greenhouse/Careem,careem.com,careers@careem.com,known company contact
Software Engineer II - Backend | NextGen Engineering,Careem,remote,"Lahore, Pakistan",Pakistan remote,Yes,https://boards.greenhouse.io/careem/jobs/7004825002?gh_jid=7004825002,Greenhouse/Careem,careem.com,careers@careem.com,known company contact
"Integration Engineer, Metronome",Stripe,remote,Remote,Worldwide remote,Yes,https://stripe.com/jobs/search?gh_jid=8080454,Greenhouse/Stripe,stripe.com,,
Senior Site Reliability Engineer,Canonical,remote,Anywhere,Worldwide remote,Yes,https://jobicy.com/jobs/149557-senior-site-reliability-engineer-5,Jobicy,canonical.com,,
Ubuntu Security Engineer,Canonical,remote,Anywhere,Worldwide remote,Yes,https://jobicy.com/jobs/149565-ubuntu-security-engineer,Jobicy,canonical.com,,
Software Engineering Director,Canonical,remote,Anywhere,Worldwide remote,Yes,https://jobicy.com/jobs/149571-software-engineering-director,Jobicy,canonical.com,,
Engineering Manager,Canonical,remote,Anywhere,Worldwide remote,Yes,https://jobicy.com/jobs/149575-engineering-manager,Jobicy,canonical.com,,
Senior/Staff/Principal Engineer,Canonical,remote,Anywhere,Worldwide remote,Yes,https://jobicy.com/jobs/149522-senior-staff-principal-engineer,Jobicy,canonical.com,,
"Web Frontend Engineer - JS, CSS, React, Flutter",Canonical,remote,Anywhere,Worldwide remote,Yes,https://jobicy.com/jobs/149527-web-frontend-engineer-js-css-react-flutter,Jobicy,canonical.com,,
Security Software Engineer,Canonical,remote,Anywhere,Worldwide remote,Yes,https://jobicy.com/jobs/149550-security-software-engineer,Jobicy,canonical.com,,
Sr. Software Engineer,Socket,remote,Anywhere,Worldwide remote,Yes,https://jobicy.com/jobs/151128-sr-software-engineer,Jobicy,,,
Software engineer,Sticker Mule,remote,Anywhere,Worldwide remote,Yes,https://jobicy.com/jobs/150846-software-engineer-3,Jobicy,stickermule.com,,
"Python and Kubernetes Software Engineer - Data, Workflows, AI/ML & Analytics",Canonical,remote,Anywhere,Worldwide remote,Yes,https://jobicy.com/jobs/149563-python-and-kubernetes-software-engineer-data-workflows-ai-ml-analytics,Jobicy,canonical.com,,
Python Engineer,Canonical,remote,Anywhere,Worldwide remote,Yes,https://jobicy.com/jobs/149543-python-engineer,Jobicy,canonical.com,,
"Distributed Systems Testing Software Engineer, Python / Go",Canonical,remote,Anywhere,Worldwide remote,Yes,https://jobicy.com/jobs/151013-distributed-systems-testing-software-engineer-python-go,Jobicy,canonical.com,,
Engineering Manager - Solutions Engineering,Canonical,remote,Anywhere,Worldwide remote,Yes,https://jobicy.com/jobs/149556-engineering-manager-solutions-engineering,Jobicy,canonical.com,,
Microservices Engineer,Canonical,remote,Anywhere,Worldwide remote,Yes,https://jobicy.com/jobs/149558-microservices-engineer,Jobicy,canonical.com,,
Lead Linux Kernel Engineer - Ubuntu,Canonical,remote,Anywhere,Worldwide remote,Yes,https://jobicy.com/jobs/149562-lead-linux-kernel-engineer-ubuntu,Jobicy,canonical.com,,
Software Engineer - Solutions Engineering,Canonical,remote,Anywhere,Worldwide remote,Yes,https://jobicy.com/jobs/149560-software-engineer-solutions-engineering,Jobicy,canonical.com,,
Engineering Manager - Data Platform,Canonical,remote,Anywhere,Worldwide remote,Yes,https://jobicy.com/jobs/149561-engineering-manager-data-platform,Jobicy,canonical.com,,
Rust Engineering Lead - Linux and Open Source,Canonical,remote,Anywhere,Worldwide remote,Yes,https://jobicy.com/jobs/149566-rust-engineering-lead-linux-and-open-source,Jobicy,canonical.com,,
Engineering Manager - Ubuntu Security,Canonical,remote,Anywhere,Worldwide remote,Yes,https://jobicy.com/jobs/149572-engineering-manager-ubuntu-security,Jobicy,canonical.com,,
Cloud Engineering Manager,Canonical,remote,Anywhere,Worldwide remote,Yes,https://jobicy.com/jobs/149569-cloud-engineering-manager,Jobicy,canonical.com,,
Cloud Solutions Architect - Alliances,Canonical,remote,Anywhere,Worldwide remote,Yes,https://jobicy.com/jobs/149568-cloud-solutions-architect-alliances,Jobicy,canonical.com,,
Containerization & Virtualisation Engineer,Canonical,remote,Anywhere,Worldwide remote,Yes,https://jobicy.com/jobs/149576-containerization-virtualisation-engineer,Jobicy,canonical.com,,
Linux Platform Integration - Ubuntu Systems Senior Engineer,Canonical,remote,Anywhere,Worldwide remote,Yes,https://jobicy.com/jobs/149574-linux-platform-integration-ubuntu-systems-senior-engineer,Jobicy,canonical.com,,
OpenStack Engineering Manager,Canonical,remote,Anywhere,Worldwide remote,Yes,https://jobicy.com/jobs/149573-openstack-engineering-manager,Jobicy,canonical.com,,
Senior Security Operations Engineer,Canonical,remote,Anywhere,Worldwide remote,Yes,https://jobicy.com/jobs/149578-senior-security-operations-engineer,Jobicy,canonical.com,,
Junior Linux Kernel Engineer - Ubuntu,Canonical,remote,Anywhere,Worldwide remote,Yes,https://jobicy.com/jobs/149520-junior-linux-kernel-engineer-ubuntu,Jobicy,canonical.com,,
Cloud Field Engineer,Canonical,remote,Anywhere,Worldwide remote,Yes,https://jobicy.com/jobs/149523-cloud-field-engineer,Jobicy,canonical.com,,
Engineering Manager - MLOps & Analytics,Canonical,remote,Anywhere,Worldwide remote,Yes,https://jobicy.com/jobs/149521-engineering-manager-mlops-analytics,Jobicy,canonical.com,,
"Engineering Manager, Managed Services",Canonical,remote,Anywhere,Worldwide remote,Yes,https://jobicy.com/jobs/149528-engineering-manager-managed-services,Jobicy,canonical.com,,
"Software Engineer, Sustaining Engineering",Canonical,remote,Anywhere,Worldwide remote,Yes,https://jobicy.com/jobs/149524-software-engineer-sustaining-engineering,Jobicy,canonical.com,,
Solution Architecture Manager,Canonical,remote,Anywhere,Worldwide remote,Yes,https://jobicy.com/jobs/149531-solution-architecture-manager,Jobicy,canonical.com,,
Ubuntu Linux Kernel Engineer - Silicon Enablement,Canonical,remote,Anywhere,Worldwide remote,Yes,https://jobicy.com/jobs/149533-ubuntu-linux-kernel-engineer-silicon-enablement,Jobicy,canonical.com,,
Sustaining Operations Engineer,Canonical,remote,Anywhere,Worldwide remote,Yes,https://jobicy.com/jobs/149532-sustaining-operations-engineer,Jobicy,canonical.com,,
Embedded Linux Field Engineer for Devices/IoT,Canonical,remote,Anywhere,Worldwide remote,Yes,https://jobicy.com/jobs/149535-embedded-linux-field-engineer-for-devices-iot,Jobicy,canonical.com,,
Alliances Field Engineer,Canonical,remote,Anywhere,Worldwide remote,Yes,https://jobicy.com/jobs/149534-alliances-field-engineer,Jobicy,canonical.com,,
Ubuntu Engineering Lead,Canonical,remote,Anywhere,Worldwide remote,Yes,https://jobicy.com/jobs/149537-ubuntu-engineering-lead,Jobicy,canonical.com,,
Golang Engineer,Canonical,remote,Anywhere,Worldwide remote,Yes,https://jobicy.com/jobs/149538-golang-engineer-2,Jobicy,canonical.com,,
Site Reliability Engineer,Canonical,remote,Anywhere,Worldwide remote,Yes,https://jobicy.com/jobs/149547-site-reliability-engineer,Jobicy,canonical.com,,
Senior Site Reliability / Gitops Engineer,Canonical,remote,Anywhere,Worldwide remote,Yes,https://jobicy.com/jobs/149544-senior-site-reliability-gitops-engineer,Jobicy,canonical.com,,
Technical Manager - Automotive and Industrial,Canonical,remote,Anywhere,Worldwide remote,Yes,https://jobicy.com/jobs/149546-technical-manager-automotive-and-industrial,Jobicy,canonical.com,,
Ubuntu Sales Engineer (Entry-Level),Canonical,remote,Anywhere,Worldwide remote,Yes,https://jobicy.com/jobs/149545-ubuntu-sales-engineer-entry-level,Jobicy,canonical.com,,
Cloud Professional Services Manager,Canonical,remote,Anywhere,Worldwide remote,Yes,https://jobicy.com/jobs/149548-cloud-professional-services-manager,Jobicy,canonical.com,,
Performance Engineer - Open Source,Canonical,remote,Anywhere,Worldwide remote,Yes,https://jobicy.com/jobs/149551-performance-engineer-open-source,Jobicy,canonical.com,,
Software Engineer - App Stores,Canonical,remote,Anywhere,Worldwide remote,Yes,https://jobicy.com/jobs/149552-software-engineer-app-stores,Jobicy,canonical.com,,
Site Reliability / Gitops Engineer,Canonical,remote,Anywhere,Worldwide remote,Yes,https://jobicy.com/jobs/149553-site-reliability-gitops-engineer,Jobicy,canonical.com,,
Senior Full Stack Engineer — Platform Extensions,Fueled,remote,Anywhere,Worldwide remote,Yes,https://jobicy.com/jobs/151043-senior-full-stack-engineer-platform-extensions,Jobicy,,jobs@fueled.com,job posting
Support Engineering Manager,Canonical,remote,Anywhere,Worldwide remote,Yes,https://jobicy.com/jobs/149554-support-engineering-manager,Jobicy,canonical.com,,
Engineering Manager - Ubuntu Linux Kernel,Canonical,remote,Anywhere,Worldwide remote,Yes,https://jobicy.com/jobs/149570-engineering-manager-ubuntu-linux-kernel,Jobicy,canonical.com,,
Engineering Manager - AppArmor,Canonical,remote,Anywhere,Worldwide remote,Yes,https://jobicy.com/jobs/149526-engineering-manager-apparmor,Jobicy,canonical.com,,
Engineering Manager - Security Standards and Hardening,Canonical,remote,Anywhere,Worldwide remote,Yes,https://jobicy.com/jobs/149536-engineering-manager-security-standards-and-hardening,Jobicy,canonical.com,,
Devices & IOT Field Engineering Manager,Canonical,remote,Anywhere,Worldwide remote,Yes,https://jobicy.com/jobs/150274-devices-iot-field-engineering-manager-americas,Jobicy,canonical.com,,
AEM and Adobe Target Architect,Vonage,remote,Anywhere,Worldwide remote,Yes,https://jobicy.com/jobs/151353-aem-and-adobe-target-architect,Jobicy,,,
Contract Senior Web Engineer,Fueled,remote,Anywhere,Worldwide remote,Yes,https://jobicy.com/jobs/150885-contract-senior-web-engineer,Jobicy,,jobs@fueled.com,job posting
Contract Senior Front End Engineer,Fueled,remote,Anywhere,Worldwide remote,Yes,https://jobicy.com/jobs/150883-contract-senior-front-end-engineer,Jobicy,,jobs@fueled.com,job posting
Don’t see what you’re looking for?,RelationalAI,remote,Anywhere,Worldwide remote,Yes,https://jobicy.com/jobs/151468-dont-see-what-youre-looking-for,Jobicy,,,
Embedded & Desktop Linux Systems Engineer - Optimisation,Canonical,remote,Anywhere,Worldwide remote,Yes,https://jobicy.com/jobs/149567-embedded-desktop-linux-systems-engineer-optimisation,Jobicy,canonical.com,,
Backend Python/Django,10Pearls,remote,Remote,Worldwide remote,Yes,https://10pearls.applytojob.com/apply/aNEYRjfKar/Backend-PythonDjango,JazzHR/10Pearls,10pearls.com,careers@10pearls.com,known company contact
Frontend React/Ember,10Pearls,remote,Remote,Worldwide remote,Yes,https://10pearls.applytojob.com/apply/KqDYKxUH4p/Frontend-ReactEmber,JazzHR/10Pearls,10pearls.com,careers@10pearls.com,known company contact
Product Manager (AI Products) - Morning/Afternoon Shift,10Pearls,remote,"Karachi, Islamabad, Karachi, Islamabad, Pakistan",Karachi remote,Yes,https://10pearls.applytojob.com/apply/eYaJRx6Uhq/Product-Manager-AI-Products-MorningAfternoon-Shift,JazzHR/10Pearls,10pearls.com,careers@10pearls.com,known company contact
Senior Desktop Support Engineer,10Pearls,remote,"Islamabad, Pakistan",Pakistan remote,Yes,https://10pearls.applytojob.com/apply/3jbnEGJNrN/Senior-Desktop-Support-Engineer,JazzHR/10Pearls,10pearls.com,careers@10pearls.com,known company contact
Senior Software Security Engineer - Afternoon Shift,10Pearls,remote,"Lahore, Karachi, Islamabad, Pakistan",Karachi remote,Yes,https://10pearls.applytojob.com/apply/Q8WZP2B1aK/Senior-Software-Security-Engineer-Afternoon-Shift,JazzHR/10Pearls,10pearls.com,careers@10pearls.com,known company contact
Software Consultant - .Net+Redis - Morning Shift,10Pearls,remote,"Lahore, Karachi, Pakistan",Karachi remote,Yes,https://10pearls.applytojob.com/apply/uzHZ84QaX6/Software-Consultant-NetRedis-Morning-Shift,JazzHR/10Pearls,10pearls.com,careers@10pearls.com,known company contact
Software Consultant - IBM SOA,10Pearls,remote,"Lahore, Karachi, Islamabad, Pakistan",Karachi remote,Yes,https://10pearls.applytojob.com/apply/QrqBkrh96D/Software-Consultant-IBM-SOA,JazzHR/10Pearls,10pearls.com,careers@10pearls.com,known company contact
Staff/Senior Software Consultant - Elixir,10Pearls,remote,"Lahore, Karachi, Islamabad, Pakistan",Karachi remote,Yes,https://10pearls.applytojob.com/apply/5HoyMvsu35/StaffSenior-Software-Consultant-Elixir,JazzHR/10Pearls,10pearls.com,careers@10pearls.com,known company contact
Staff/Senior Software Consultant - Java + AWS - Evening Shift,10Pearls,remote,"Karachi, Lahore, Islamabad, Pakistan",Karachi remote,Yes,https://10pearls.applytojob.com/apply/wZfSpfCGyX/StaffSenior-Software-Consultant-Java-AWS-Evening-Shift,JazzHR/10Pearls,10pearls.com,careers@10pearls.com,known company contact
Senior Software Engineer - Kotlin,VentureDive,remote,Pakistan,Pakistan remote,Yes,https://venturedive.applytojob.com/apply/OERjuv1vN3/Senior-Software-Engineer-Kotlin,JazzHR/VentureDive,venturedive.com,careers@venturedive.com,known company contact
Senior Data & AI Architect,VentureDive,remote,Pakistan,Pakistan remote,Yes,https://venturedive.applytojob.com/apply/6yA1hAbMr4/Senior-Data-AI-Architect,JazzHR/VentureDive,venturedive.com,careers@venturedive.com,known company contact
Senior Data Engineer,VentureDive,remote,Pakistan,Pakistan remote,Yes,https://venturedive.applytojob.com/apply/xG8devfbV1/Senior-Data-Engineer,JazzHR/VentureDive,venturedive.com,careers@venturedive.com,known company contact
AI Engineer - Agentic Frameworks & LLMs,VentureDive,remote,Pakistan,Pakistan remote,Yes,https://venturedive.applytojob.com/apply/Kvd4hJout1/AI-Engineer-Agentic-Frameworks-LLMs,JazzHR/VentureDive,venturedive.com,careers@venturedive.com,known company contact
Senior AI Engineer,VentureDive,remote,Pakistan,Pakistan remote,Yes,https://venturedive.applytojob.com/apply/lyD1I7bDtj/Senior-AI-Engineer,JazzHR/VentureDive,venturedive.com,careers@venturedive.com,known company contact
Senior Data Scientist,VentureDive,remote,Pakistan,Pakistan remote,Yes,https://venturedive.applytojob.com/apply/pd35cOU3Vr/Senior-Data-Scientist,JazzHR/VentureDive,venturedive.com,careers@venturedive.com,known company contact
Senior Software Engineer - Java,VentureDive,remote,Pakistan,Pakistan remote,Yes,https://venturedive.applytojob.com/apply/WUhxXGG2Ia/Senior-Software-Engineer-Java,JazzHR/VentureDive,venturedive.com,careers@venturedive.com,known company contact
"Engineering Manager, AI",Lattice,remote,Anywhere in the World,Worldwide remote,Yes,https://weworkremotely.com/remote-jobs/lattice-engineering-manager-ai-1,We Work Remotely,,,
"Engineering Manager, AI",Lattice,remote,Anywhere in the World,Worldwide remote,Yes,https://weworkremotely.com/remote-jobs/lattice-engineering-manager-ai,We Work Remotely,,,
Senior Independent AI Engineer / Architect,A.Team,remote,Anywhere in the World,Worldwide remote,Yes,https://weworkremotely.com/remote-jobs/a-team-senior-independent-ai-engineer-architect,We Work Remotely,,,
Senior Independent Software Developer ($90-$170/hr),A.Team,remote,Anywhere in the World,Worldwide remote,Yes,https://weworkremotely.com/remote-jobs/a-team-senior-independent-software-developer-90-170-hr,We Work Remotely,,,
Senior AI Engineer,Lemon.io,remote,Anywhere in the World,Worldwide remote,Yes,https://weworkremotely.com/remote-jobs/lemon-io-senior-ai-engineer-4,We Work Remotely,,,
FULL TIME: Software Engineer Position - React and Rest,Yooli,remote,Anywhere in the World,Worldwide remote,Yes,https://weworkremotely.com/remote-jobs/yooli-full-time-software-engineer-position-react-and-rest-1,We Work Remotely,,,
Web Developer (Remote),thehivecareers.co,remote,Anywhere in the World,Worldwide remote,Yes,https://weworkremotely.com/remote-jobs/thehivecareers-co-web-developer-remote-1,We Work Remotely,,,
Web Developer,Charles Technology Africa,remote,Remote,Worldwide remote,Yes,https://weworkremotely.com/remote-jobs/charles-technology-africa-web-developer,We Work Remotely,,,
Java Engineer - Latin America,Azumo,remote,Anywhere in the World,Worldwide remote,Yes,https://weworkremotely.com/remote-jobs/azumo-java-engineer-latin-america,We Work Remotely,,people@azumo.co,job posting
Senior Staff Data Engineer - Platform Data and Analytics,Faire,remote,Anywhere in the World,Worldwide remote,Yes,https://weworkremotely.com/remote-jobs/faire-senior-staff-data-engineer-platform-data-and-analytics,We Work Remotely,,,
Data Engineering Manager,Doximity,remote,Anywhere in the World,Worldwide remote,Yes,https://weworkremotely.com/remote-jobs/doximity-data-engineering-manager,We Work Remotely,doximity.com,,
"Data Analyst, Reporting Partnerships",Doximity,remote,Anywhere in the World,Worldwide remote,Yes,https://weworkremotely.com/remote-jobs/doximity-data-analyst-reporting-partnerships,We Work Remotely,doximity.com,,
AI Product Engineer - ClickStack,ClickHouse,remote,Anywhere in the World,Worldwide remote,Yes,https://weworkremotely.com/remote-jobs/clickhouse-ai-product-engineer-clickstack-1,We Work Remotely,clickhouse.com,,job posting
AI Product Engineer - ClickStack,ClickHouse,remote,Anywhere in the World,Worldwide remote,Yes,https://weworkremotely.com/remote-jobs/clickhouse-ai-product-engineer-clickstack,We Work Remotely,clickhouse.com,,job posting
Full Stack AI Engineer,Reveleer,remote,Anywhere in the World,Worldwide remote,Yes,https://weworkremotely.com/remote-jobs/reveleer-full-stack-ai-engineer,We Work Remotely,,,
Product Engineer,SuperPlane,remote,Anywhere in the World,Worldwide remote,Yes,https://weworkremotely.com/remote-jobs/superplane-product-engineer-1,We Work Remotely,,,
"Senior Fullstack Engineer (f/m/d) - Berlin I Germany, EMEA I Remote",Hygraph,remote,Anywhere in the World,Worldwide remote,Yes,https://weworkremotely.com/remote-jobs/hygraph-senior-fullstack-engineer-f-m-d-berlin-i-germany-emea-i-remote,We Work Remotely,,,
AI-Native Software Developer,OnTheGoSystems,remote,Anywhere in the World,Worldwide remote,Yes,https://weworkremotely.com/remote-jobs/onthegosystems-ai-native-software-developer,We Work Remotely,onthegosystems.com,,
Product Content Specialist,Tractian,remote,Anywhere in the World,Worldwide remote,Yes,https://weworkremotely.com/remote-jobs/tractian-product-content-specialist,We Work Remotely,,,
Manager/ Sr. Manager - Data Product Manager,Tiger Analytics Inc.,remote,Anywhere in the World,Worldwide remote,Yes,https://weworkremotely.com/remote-jobs/tiger-analytics-inc-manager-sr-manager-data-product-manager,We Work Remotely,,,
Technical Product Marketer - K0rdent AI,Mirantis,remote,Anywhere in the World,Worldwide remote,Yes,https://weworkremotely.com/remote-jobs/mirantis-technical-product-marketer-k0rdent-ai,We Work Remotely,,,
Senior DevOps / Infrastructure Engineer,Eer Poland,remote,Anywhere in the World,Worldwide remote,Yes,https://weworkremotely.com/remote-jobs/eer-poland-senior-devops-infrastructure-engineer,We Work Remotely,,,
Senior DevOps / DevEx Engineer,Revenuecat,remote,Anywhere in the World,Worldwide remote,Yes,https://weworkremotely.com/remote-jobs/revenuecat-senior-devops-devex-engineer,We Work Remotely,,,
Senior Product Manager,Smartcat,remote,Anywhere in the World,Worldwide remote,Yes,https://weworkremotely.com/remote-jobs/smartcat-senior-product-manager,We Work Remotely,,,
AI Technical Product Director,Allencomm,remote,Anywhere in the World,Worldwide remote,Yes,https://weworkremotely.com/remote-jobs/allencomm-ai-technical-product-director,We Work Remotely,,,
Principal Product Engineer,Tiugo Technologies,remote,Anywhere in the World,Worldwide remote,Yes,https://weworkremotely.com/remote-jobs/tiugo-technologies-principal-product-engineer,We Work Remotely,,,
Full-stack Developer (BL paczka),Base.com,remote,Anywhere in the World,Worldwide remote,Yes,https://weworkremotely.com/remote-jobs/base-com-full-stack-developer-bl-paczka,We Work Remotely,,,
Senior Platform Engineer(DevOps),Sedona Digital,remote,Anywhere in the World,Worldwide remote,Yes,https://weworkremotely.com/remote-jobs/sedona-digital-senior-platform-engineer-devops,We Work Remotely,,,
DevOps Engineer,Tenchi Security,remote,Anywhere in the World,Worldwide remote,Yes,https://weworkremotely.com/remote-jobs/tenchi-security-devops-engineer,We Work Remotely,,,
Senior Product Designer,Kota,remote,Anywhere in the World,Worldwide remote,Yes,https://weworkremotely.com/remote-jobs/kota-senior-product-designer,We Work Remotely,,,
"Product Manager, Agent Harness & Modelling",Cohere,remote,Anywhere in the World,Worldwide remote,Yes,https://weworkremotely.com/remote-jobs/cohere-product-manager-agent-harness-modelling,We Work Remotely,,,
Sr. Product Manager - AI Growth,Highlevel,remote,Anywhere in the World,Worldwide remote,Yes,https://weworkremotely.com/remote-jobs/highlevel-sr-product-manager-ai-growth,We Work Remotely,,,
Senior DevOps Engineer,Truv,remote,Anywhere in the World,Worldwide remote,Yes,https://weworkremotely.com/remote-jobs/truv-senior-devops-engineer,We Work Remotely,,,
Sr. Product Manager - AI Platform,Highlevel,remote,Anywhere in the World,Worldwide remote,Yes,https://weworkremotely.com/remote-jobs/highlevel-sr-product-manager-ai-platform,We Work Remotely,,,
DevOps Engineer - Contractor,Coin Market Cap,remote,Anywhere in the World,Worldwide remote,Yes,https://weworkremotely.com/remote-jobs/coin-market-cap-devops-engineer-contractor,We Work Remotely,,,
Design Specialist,Trafilea,remote,Anywhere in the World,Worldwide remote,Yes,https://weworkremotely.com/remote-jobs/trafilea-design-specialist,We Work Remotely,,,
AI Product Development Coach (Contract),Leland,remote,Anywhere in the World,Worldwide remote,Yes,https://weworkremotely.com/remote-jobs/leland-ai-product-development-coach-contract,We Work Remotely,,,
Senior Full Stack Developer - PHP Laravel,Newrich Network,remote,Anywhere in the World,Worldwide remote,Yes,https://weworkremotely.com/remote-jobs/newrich-network-senior-full-stack-developer-php-laravel,We Work Remotely,,,
"Director of Engineering, Product Infrastructure and Release Engineering",Mechanical Orchard,remote,Anywhere in the World,Worldwide remote,Yes,https://weworkremotely.com/remote-jobs/mechanical-orchard-director-of-engineering-product-infrastructure-and-release-engineering,We Work Remotely,,,
Product Designer,Andela,remote,Anywhere in the World,Worldwide remote,Yes,https://weworkremotely.com/remote-jobs/andela-product-designer,We Work Remotely,,,
"Product Manager,  Platform Experience & Developer Product",Cohere,remote,Anywhere in the World,Worldwide remote,Yes,https://weworkremotely.com/remote-jobs/cohere-product-manager-platform-experience-developer-product,We Work Remotely,,,
Middle+/Senior DevOps/System Engineer (SE Platform Ops Sun),Softswiss,remote,Anywhere in the World,Worldwide remote,Yes,https://weworkremotely.com/remote-jobs/softswiss-middle-senior-devops-system-engineer-se-platform-ops-sun,We Work Remotely,,,
AI-Native Full Stack Product Engineer,Valsoft Corporation,remote,Anywhere in the World,Worldwide remote,Yes,https://weworkremotely.com/remote-jobs/valsoft-corporation-ai-native-full-stack-product-engineer,We Work Remotely,,,
DevOps Engineer,Base.com,remote,Anywhere in the World,Worldwide remote,Yes,https://weworkremotely.com/remote-jobs/base-com-devops-engineer,We Work Remotely,,,
Full Stack Developer,Sur,remote,Anywhere in the World,Worldwide remote,Yes,https://weworkremotely.com/remote-jobs/sur-full-stack-developer,We Work Remotely,,,
Independent Board Director (ML-Driven Product & Data Platform Leader),Appodeal,remote,Anywhere in the World,Worldwide remote,Yes,https://weworkremotely.com/remote-jobs/appodeal-independent-board-director-ml-driven-product-data-platform-leader,We Work Remotely,,,
Senior Full Stack Developer (TypeScript),Cosuno,remote,Anywhere in the World,Worldwide remote,Yes,https://weworkremotely.com/remote-jobs/cosuno-senior-full-stack-developer-typescript,We Work Remotely,,,
"Senior Product Manager, Cloud Networking",Confluent,remote,Anywhere in the World,Worldwide remote,Yes,https://weworkremotely.com/remote-jobs/confluent-senior-product-manager-cloud-networking,We Work Remotely,,,
Principal Full Stack Developer (TypeScript),Cosuno,remote,Anywhere in the World,Worldwide remote,Yes,https://weworkremotely.com/remote-jobs/cosuno-principal-full-stack-developer-typescript,We Work Remotely,,,
Platform Product Analyst (PLG & Mixpanel Expert) | Gcore | Remote,Bee Talents,remote,Anywhere in the World,Worldwide remote,Yes,https://weworkremotely.com/remote-jobs/bee-talents-platform-product-analyst-plg-mixpanel-expert-gcore-remote,We Work Remotely,,,
"Formateur IT Indépendant  Cybersécurité, IA, Cloud, DevOps et Réseaux ...",Alphorm,remote,Anywhere in the World,Worldwide remote,Yes,https://weworkremotely.com/remote-jobs/alphorm-formateur-it-independant-cybersecurite-ia-cloud-devops-et-reseaux,We Work Remotely,,,
Data Engineer (Interior Design),Sigma Software,remote,Anywhere in the World,Worldwide remote,Yes,https://weworkremotely.com/remote-jobs/sigma-software-data-engineer-interior-design,We Work Remotely,,,
Senior Shopify Full-stack Developer (IR-471),Intellectsoft,remote,Anywhere in the World,Worldwide remote,Yes,https://weworkremotely.com/remote-jobs/intellectsoft-senior-shopify-full-stack-developer-ir-471,We Work Remotely,,,
"Full-Stack Developer (Python, React, AI)",Huzzle,remote,Anywhere in the World,Worldwide remote,Yes,https://weworkremotely.com/remote-jobs/huzzle-full-stack-developer-python-react-ai-1,We Work Remotely,,,
"Full-Stack Developer (Python, React, AI)",Huzzle,remote,Anywhere in the World,Worldwide remote,Yes,https://weworkremotely.com/remote-jobs/huzzle-full-stack-developer-python-react-ai,We Work Remotely,,,
[Job -26953] Senior Full Stack Developer (React/.Net),Ci&t,remote,Anywhere in the World,Worldwide remote,Yes,https://weworkremotely.com/remote-jobs/ci-t-job-26953-senior-full-stack-developer-react-net,We Work Remotely,,,
Product Manager AI Personalization,Trafilea,remote,Anywhere in the World,Worldwide remote,Yes,https://weworkremotely.com/remote-jobs/trafilea-product-manager-ai-personalization,We Work Remotely,,,
Full Stack Developer,Wing Assistant,remote,Anywhere in the World,Worldwide remote,Yes,https://weworkremotely.com/remote-jobs/wing-assistant-full-stack-developer-1,We Work Remotely,,,
AWS DevOps Engineer,Stadium,remote,Anywhere in the World,Worldwide remote,Yes,https://weworkremotely.com/remote-jobs/stadium-aws-devops-engineer,We Work Remotely,,,
"Senior Product Manager, Cluster Linking",Confluent,remote,Anywhere in the World,Worldwide remote,Yes,https://weworkremotely.com/remote-jobs/confluent-senior-product-manager-cluster-linking,We Work Remotely,,,
DevOps Engineer,Zowie,remote,Anywhere in the World,Worldwide remote,Yes,https://weworkremotely.com/remote-jobs/zowie-devops-engineer,We Work Remotely,,,
Principal Software Engineer - Product team,Aker Systems,remote,Anywhere in the World,Worldwide remote,Yes,https://weworkremotely.com/remote-jobs/aker-systems-principal-software-engineer-product-team,We Work Remotely,,,
"Senior Product Designer, Mobile Experience",Happyco,remote,Anywhere in the World,Worldwide remote,Yes,https://weworkremotely.com/remote-jobs/happyco-senior-product-designer-mobile-experience,We Work Remotely,,,
"Senior Product Designer, AI",Zeta Global,remote,Anywhere in the World,Worldwide remote,Yes,https://weworkremotely.com/remote-jobs/zeta-global-senior-product-designer-ai,We Work Remotely,,,
"Senior Product Designer, Agentic AI Applications",Zeta Global,remote,Anywhere in the World,Worldwide remote,Yes,https://weworkremotely.com/remote-jobs/zeta-global-senior-product-designer-agentic-ai-applications,We Work Remotely,,,
Senior DevOps Engineer (m/f/d),Myneva,remote,Anywhere in the World,Worldwide remote,Yes,https://weworkremotely.com/remote-jobs/myneva-senior-devops-engineer-m-f-d,We Work Remotely,,,
Junior DevOps Engineer (CI/CD & Developer Tooling) remote (m/f/d),Charisma-tec,remote,Anywhere in the World,Worldwide remote,Yes,https://weworkremotely.com/remote-jobs/charisma-tec-junior-devops-engineer-ci-cd-developer-tooling-remote-m-f-d,We Work Remotely,,,
"Senior Software Engineer, remote",Edfinity,remote,Anywhere in the World,Worldwide remote,Yes,https://weworkremotely.com/remote-jobs/edfinity-senior-software-engineer-remote,We Work Remotely,,,
AI/ML Engineer for an AI-Driven E-Commerce Platform,Toptal,remote,Anywhere in the World,Worldwide remote,Yes,https://weworkremotely.com/remote-jobs/toptal-ai-ml-engineer-for-an-ai-driven-e-commerce-platform,We Work Remotely,toptal.com,,
Staff Software Engineer,Samsara,remote,Anywhere in the World,Worldwide remote,Yes,https://weworkremotely.com/remote-jobs/samsara-staff-software-engineer,We Work Remotely,,,
Senior Software Engineer,Collaboration.Ai,remote,Anywhere in the World,Worldwide remote,Yes,https://weworkremotely.com/remote-jobs/collaboration-ai-senior-software-engineer,We Work Remotely,,,
"Member of the Technical Staff, Internal Agent",Vercel,remote,Anywhere in the World,Worldwide remote,Yes,https://weworkremotely.com/remote-jobs/vercel-member-of-the-technical-staff-internal-agent,We Work Remotely,vercel.com,,
Principal Business Intelligence Analyst,ZoomInfo Technologies LLC,remote,Anywhere in the World,Worldwide remote,Yes,https://weworkremotely.com/remote-jobs/zoominfo-technologies-llc-principal-business-intelligence-analyst,We Work Remotely,,,
Senior Fullstack Developer (React.js / Node.js),Proxify AB,remote,Anywhere in the World,Worldwide remote,Yes,https://weworkremotely.com/remote-jobs/proxify-ab-senior-fullstack-developer-react-js-node-js-3,We Work Remotely,,,
Tech Lead - Manufacturing Data & AI Platforms - Global Pharmaceutical Company,Toptal,remote,Anywhere in the World,Worldwide remote,Yes,https://weworkremotely.com/remote-jobs/toptal-tech-lead-manufacturing-data-ai-platforms-global-pharmaceutical-company,We Work Remotely,toptal.com,,
Data Scientist for Top Cosmetic firm,Toptal,remote,Anywhere in the World,Worldwide remote,Yes,https://weworkremotely.com/remote-jobs/toptal-data-scientist-for-top-cosmetic-firm,We Work Remotely,toptal.com,,
Senior Dispute Analyst,Lithic,remote,Anywhere in the World,Worldwide remote,Yes,https://weworkremotely.com/remote-jobs/lithic-senior-dispute-analyst,We Work Remotely,,,
"Staff Software Engineer, Time and Scheduling","Gusto, Inc.",remote,Anywhere in the World,Worldwide remote,Yes,https://weworkremotely.com/remote-jobs/gusto-inc-staff-software-engineer-time-and-scheduling,We Work Remotely,,,
Full-Stack Product Engineer - Agentic First,Wonderdog,remote,Anywhere in the World,Worldwide remote,Yes,https://weworkremotely.com/remote-jobs/wonderdog-full-stack-product-engineer-agentic-first,We Work Remotely,,,
Software engineer,Sticker Mule,remote,Anywhere in the World,Worldwide remote,Yes,https://weworkremotely.com/remote-jobs/sticker-mule-software-engineer-3,We Work Remotely,stickermule.com,,
GRC Analyst,Vercel,remote,Anywhere in the World,Worldwide remote,Yes,https://weworkremotely.com/remote-jobs/vercel-grc-analyst,We Work Remotely,vercel.com,,
Senior AI Engineer - Agentic Systems & Data Pipelines,Collaboration.Ai,remote,Anywhere in the World,Worldwide remote,Yes,https://weworkremotely.com/remote-jobs/collaboration-ai-senior-ai-engineer-agentic-systems-data-pipelines,We Work Remotely,,,
Senior Ruby on Rails Developer (AI-Augmented Engineering),Proxify AB,remote,Anywhere in the World,Worldwide remote,Yes,https://weworkremotely.com/remote-jobs/proxify-ab-senior-ruby-on-rails-developer-ai-augmented-engineering,We Work Remotely,,,
Senior Backend Developer (Python),Proxify AB,remote,Anywhere in the World,Worldwide remote,Yes,https://weworkremotely.com/remote-jobs/proxify-ab-senior-backend-developer-python-9,We Work Remotely,,,
Tier III Service Desk Engineer,Unio Digital,remote,Worldwide,Worldwide remote,Yes,https://remotive.com/remote-jobs/information-technology/tier-iii-service-desk-engineer-2091045,Remotive,,,
